page,elementType,state,selector,text,textColor,bgColor,ratio,wcagAA,wcagAAA,fontSize,fontWeight,isLargeText,isDisabled
Home,button,default,button:not([type=""hidden""]),العربية,"rgba(255, 255, 255, 0.9)","rgb(255, 255, 255)",1.00,FAIL,FAIL,13px,400,,
Home,button,default,button:not([type=""hidden""]),SAR
                            SAR,"rgba(255, 255, 255, 0.9)","rgb(255, 255, 255)",1.00,FAIL,FAIL,13px,400,,
Home,button,default,button:not([type=""hidden""]),الحساب,"rgb(17, 24, 39)","rgb(249, 250, 251)",16.98,PASS,PASS,16px,400,,
Home,button,default,button:not([type=""hidden""]),كل الفئات,"rgb(33, 37, 41)","rgb(255, 255, 255)",15.43,PASS,PASS,16px,400,,
Home,button,default,button:not([type=""hidden""]),Menu,"rgb(195, 0, 47)","rgb(255, 255, 255)",6.25,PASS,FAIL,11px,400,,
Home,button,default,button:not([type=""hidden""]),التصنيفات,"rgb(107, 114, 128)","rgb(255, 255, 255)",4.83,PASS,FAIL,11px,400,,
Home,button,default,button:not([type=""hidden""]),الحساب,"rgb(107, 114, 128)","rgb(255, 255, 255)",4.83,PASS,FAIL,11px,400,,
Home,button,default,button:not([type=""hidden""]),الصفحات,"rgb(17, 24, 39)","rgb(255, 255, 255)",17.74,PASS,PASS,16px,400,,
Home,button,default,button:not([type=""hidden""]),Show Products,"rgb(255, 255, 255)","rgb(195, 0, 47)",6.25,PASS,FAIL,15px,600,,
Home,button,default,button:not([type=""hidden""]),بحث,"rgb(255, 255, 255)","rgb(195, 0, 47)",6.25,PASS,FAIL,16px,600,,
Home,button,default,button:not([type=""hidden""]),البحث برقم الهيكل,"rgb(255, 255, 255)","rgb(31, 41, 55)",14.68,PASS,PASS,15.2px,500,,
Home,button,default,button:not([type=""hidden""]),بحث,"rgb(255, 255, 255)","rgb(195, 0, 47)",6.25,PASS,FAIL,16px,600,,
Home,button,default,button:not([type=""hidden""]),Reset settings,"rgb(85, 85, 85)","rgb(255, 255, 255)",7.46,PASS,PASS,13px,400,,
Home,button,default,button:not([type=""hidden""]),Search,"rgb(85, 85, 85)","rgb(255, 255, 255)",7.46,PASS,PASS,13px,400,,
Home,button,default,[type=""submit""],Search,"rgb(85, 85, 85)","rgb(255, 255, 255)",7.46,PASS,PASS,13px,400,,
Home,link,default,a:not(.btn):not(.nav-link),0506552294,"rgb(195, 0, 47)","rgb(255, 255, 255)",6.25,PASS,FAIL,14px,400,,
Home,link,default,a:not(.btn):not(.nav-link),partstore.a@gmail.com,"rgb(195, 0, 47)","rgb(255, 255, 255)",6.25,PASS,FAIL,14px,400,,
Home,link,default,a:not(.btn):not(.nav-link),English,"rgb(195, 0, 47)","rgb(255, 255, 255)",6.25,PASS,FAIL,14px,400,,
Home,link,default,a:not(.btn):not(.nav-link),العربية,"rgb(195, 0, 47)","rgb(249, 250, 251)",5.98,PASS,FAIL,14px,400,,
Home,link,default,a:not(.btn):not(.nav-link),USD,"rgb(195, 0, 47)","rgb(255, 255, 255)",6.25,PASS,FAIL,14px,400,,
Home,link,default,a:not(.btn):not(.nav-link),SAR,"rgb(195, 0, 47)","rgb(249, 250, 251)",5.98,PASS,FAIL,14px,400,,
Home,link,default,a:not(.btn):not(.nav-link),Become Vendor,"rgb(195, 0, 47)","rgb(255, 255, 255)",6.25,PASS,FAIL,14px,400,,
Home,link,default,a:not(.btn):not(.nav-link),المندوب,"rgb(195, 0, 47)","rgb(255, 255, 255)",6.25,PASS,FAIL,14px,400,,
Home,link,default,a:not(.btn):not(.nav-link),تسجيل الدخول,"rgb(195, 0, 47)","rgb(255, 255, 255)",6.25,PASS,FAIL,16px,400,,
Home,label,default,label,الفئة,"rgb(17, 24, 39)","rgb(255, 255, 255)",17.74,PASS,PASS,13px,600,,
Home,label,default,label,Model,"rgb(17, 24, 39)","rgb(255, 255, 255)",17.74,PASS,PASS,13px,600,,
Home,label,default,label,Part Type,"rgb(17, 24, 39)","rgb(255, 255, 255)",17.74,PASS,PASS,13px,600,,
Home,label,default,label,Hide empty tabs until they have data,"rgb(17, 24, 39)","rgb(255, 255, 255)",17.74,PASS,PASS,14px,400,,
Home,label,default,label,Automatically show new incoming Ajax requests,"rgb(17, 24, 39)","rgb(255, 255, 255)",17.74,PASS,PASS,14px,400,,
Home,heading,default,"h1, h2, h3, h4",البحث برقم القطعة أو اسم القطعة,"rgb(17, 24, 39)","rgb(243, 244, 246)",16.12,PASS,PASS,28px,700,true,
Home,heading,default,"h1, h2, h3, h4",استكشف كتالوجات قطع الغيار الأصلية,"rgb(17, 24, 39)","rgb(243, 244, 246)",16.12,PASS,PASS,24px,700,true,
Home,heading,default,"h1, h2, h3, h4",تسوق حسب الفئة,"rgb(17, 24, 39)","rgb(243, 244, 246)",16.12,PASS,PASS,24px,700,true,
Home,text,default,p,"Login or create an account to access your orders, ","rgb(107, 114, 128)","rgb(255, 255, 255)",4.83,PASS,FAIL,13px,400,,
Home,text,default,p,إذا كنت لا تعرف رقم القطعة الصحيح لسيارتك، فابحث أ,"rgb(107, 114, 128)","rgb(243, 244, 246)",4.39,FAIL,FAIL,15.2px,400,,
Home,text,default,p,البحث عن قطع الغيار داخل المركبة برقم الهيكل (VIN),"rgb(107, 114, 128)","rgb(243, 244, 246)",4.39,FAIL,FAIL,13.6px,400,,
Home,text,default,p,Best Quality Gaurentee,"rgb(107, 114, 128)","rgb(255, 255, 255)",4.83,PASS,FAIL,13.6px,400,,
Home,text,default,p,Enter Now,"rgb(107, 114, 128)","rgb(255, 255, 255)",4.83,PASS,FAIL,13.6px,400,,
Contact,button,default,button:not([type=""hidden""]),العربية,"rgba(255, 255, 255, 0.9)","rgb(255, 255, 255)",1.00,FAIL,FAIL,13px,400,,
Contact,button,default,button:not([type=""hidden""]),SAR
                            SAR,"rgba(255, 255, 255, 0.9)","rgb(255, 255, 255)",1.00,FAIL,FAIL,13px,400,,
Contact,button,default,button:not([type=""hidden""]),الحساب,"rgb(17, 24, 39)","rgb(249, 250, 251)",16.98,PASS,PASS,16px,400,,
Contact,button,default,button:not([type=""hidden""]),كل الفئات,"rgb(33, 37, 41)","rgb(255, 255, 255)",15.43,PASS,PASS,16px,400,,
Contact,button,default,button:not([type=""hidden""]),Menu,"rgb(195, 0, 47)","rgb(255, 255, 255)",6.25,PASS,FAIL,11px,400,,
Contact,button,default,button:not([type=""hidden""]),التصنيفات,"rgb(107, 114, 128)","rgb(255, 255, 255)",4.83,PASS,FAIL,11px,400,,
Contact,button,default,button:not([type=""hidden""]),الحساب,"rgb(107, 114, 128)","rgb(255, 255, 255)",4.83,PASS,FAIL,11px,400,,
Contact,button,default,button:not([type=""hidden""]),الصفحات,"rgb(17, 24, 39)","rgb(255, 255, 255)",17.74,PASS,PASS,16px,400,,
Contact,button,default,button:not([type=""hidden""]),Show Products,"rgb(255, 255, 255)","rgb(195, 0, 47)",6.25,PASS,FAIL,15px,600,,
Contact,button,default,button:not([type=""hidden""]),إرسال رسالة,"rgb(33, 37, 41)","rgb(243, 244, 246)",14.02,PASS,PASS,14px,400,,
Contact,button,default,button:not([type=""hidden""]),Reset settings,"rgb(85, 85, 85)","rgb(255, 255, 255)",7.46,PASS,PASS,13px,400,,
Contact,button,default,button:not([type=""hidden""]),Search,"rgb(85, 85, 85)","rgb(255, 255, 255)",7.46,PASS,PASS,13px,400,,
Contact,button,default,[type=""submit""],إرسال رسالة,"rgb(33, 37, 41)","rgb(243, 244, 246)",14.02,PASS,PASS,14px,400,,
Contact,button,default,[type=""submit""],Search,"rgb(85, 85, 85)","rgb(255, 255, 255)",7.46,PASS,PASS,13px,400,,
Contact,button,default,.template-btn,إرسال رسالة,"rgb(33, 37, 41)","rgb(243, 244, 246)",14.02,PASS,PASS,14px,400,,
Contact,link,default,a:not(.btn):not(.nav-link),0506552294,"rgb(195, 0, 47)","rgb(255, 255, 255)",6.25,PASS,FAIL,14px,400,,
Contact,link,default,a:not(.btn):not(.nav-link),partstore.a@gmail.com,"rgb(195, 0, 47)","rgb(255, 255, 255)",6.25,PASS,FAIL,14px,400,,
Contact,link,default,a:not(.btn):not(.nav-link),English,"rgb(195, 0, 47)","rgb(255, 255, 255)",6.25,PASS,FAIL,14px,400,,
Contact,link,default,a:not(.btn):not(.nav-link),العربية,"rgb(195, 0, 47)","rgb(249, 250, 251)",5.98,PASS,FAIL,14px,400,,
Contact,link,default,a:not(.btn):not(.nav-link),USD,"rgb(195, 0, 47)","rgb(255, 255, 255)",6.25,PASS,FAIL,14px,400,,
Contact,link,default,a:not(.btn):not(.nav-link),SAR,"rgb(195, 0, 47)","rgb(249, 250, 251)",5.98,PASS,FAIL,14px,400,,
Contact,link,default,a:not(.btn):not(.nav-link),Become Vendor,"rgb(195, 0, 47)","rgb(255, 255, 255)",6.25,PASS,FAIL,14px,400,,
Contact,link,default,a:not(.btn):not(.nav-link),المندوب,"rgb(195, 0, 47)","rgb(255, 255, 255)",6.25,PASS,FAIL,14px,400,,
Contact,link,default,a:not(.btn):not(.nav-link),تسجيل الدخول,"rgb(195, 0, 47)","rgb(255, 255, 255)",6.25,PASS,FAIL,16px,400,,
Contact,label,default,label,الفئة,"rgb(17, 24, 39)","rgb(255, 255, 255)",17.74,PASS,PASS,13px,600,,
Contact,label,default,label,Model,"rgb(17, 24, 39)","rgb(255, 255, 255)",17.74,PASS,PASS,13px,600,,
Contact,label,default,label,Part Type,"rgb(17, 24, 39)","rgb(255, 255, 255)",17.74,PASS,PASS,13px,600,,
Contact,label,default,label,Hide empty tabs until they have data,"rgb(17, 24, 39)","rgb(255, 255, 255)",17.74,PASS,PASS,14px,400,,
Contact,label,default,label,Automatically show new incoming Ajax requests,"rgb(17, 24, 39)","rgb(255, 255, 255)",17.74,PASS,PASS,14px,400,,
Contact,heading,default,"h1, h2, h3, h4",اتصل بنا,"rgb(255, 255, 255)","rgb(255, 255, 255)",1.00,FAIL,FAIL,48px,700,true,
Contact,heading,default,"h1, h2, h3, h4",ابقَ على تواصل,"rgb(33, 37, 41)","rgb(243, 244, 246)",14.02,PASS,PASS,40px,600,true,
Contact,heading,default,"h1, h2, h3, h4",لا تتردد في مراسلتنا,"rgb(33, 37, 41)","rgb(243, 244, 246)",14.02,PASS,PASS,40px,600,true,
Contact,text,default,p,"Login or create an account to access your orders, ","rgb(107, 114, 128)","rgb(255, 255, 255)",4.83,PASS,FAIL,13px,400,,
Contact,text,default,p,Your trusted source for genuine auto parts and acc,"rgb(156, 163, 175)","rgb(255, 255, 255)",2.54,FAIL,FAIL,14.4px,400,,
Contact,text,default,p,Subscribe to get updates on new catalogItems and offer,"rgb(156, 163, 175)","rgb(255, 255, 255)",2.54,FAIL,FAIL,14.4px,400,,
Contact,text,default,p,COPYRIGHT © 2024. All Rights Reserved By YEM,"rgb(156, 163, 175)","rgba(0, 0, 0, 0.2)",8.27,PASS,PASS,13.6px,400,,
FAQ,button,default,button:not([type=""hidden""]),العربية,"rgba(255, 255, 255, 0.9)","rgb(255, 255, 255)",1.00,FAIL,FAIL,13px,400,,
FAQ,button,default,button:not([type=""hidden""]),SAR
                            SAR,"rgba(255, 255, 255, 0.9)","rgb(255, 255, 255)",1.00,FAIL,FAIL,13px,400,,
FAQ,button,default,button:not([type=""hidden""]),الحساب,"rgb(17, 24, 39)","rgb(249, 250, 251)",16.98,PASS,PASS,16px,400,,
FAQ,button,default,button:not([type=""hidden""]),كل الفئات,"rgb(33, 37, 41)","rgb(255, 255, 255)",15.43,PASS,PASS,16px,400,,
FAQ,button,default,button:not([type=""hidden""]),Menu,"rgb(195, 0, 47)","rgb(255, 255, 255)",6.25,PASS,FAIL,11px,400,,
FAQ,button,default,button:not([type=""hidden""]),التصنيفات,"rgb(107, 114, 128)","rgb(255, 255, 255)",4.83,PASS,FAIL,11px,400,,
FAQ,button,default,button:not([type=""hidden""]),الحساب,"rgb(107, 114, 128)","rgb(255, 255, 255)",4.83,PASS,FAIL,11px,400,,
FAQ,button,default,button:not([type=""hidden""]),الصفحات,"rgb(17, 24, 39)","rgb(255, 255, 255)",17.74,PASS,PASS,16px,400,,
FAQ,button,default,button:not([type=""hidden""]),Show Products,"rgb(255, 255, 255)","rgb(195, 0, 47)",6.25,PASS,FAIL,15px,600,,
FAQ,button,default,button:not([type=""hidden""]),What is Genius Shop and how does it work?,"rgb(195, 0, 47)","rgb(249, 250, 251)",5.98,PASS,PASS,24px,500,true,
FAQ,button,default,button:not([type=""hidden""]),How do I create an account on Genius Shop and what,"rgb(17, 24, 39)","rgb(249, 250, 251)",16.98,PASS,PASS,24px,500,true,
FAQ,button,default,button:not([type=""hidden""]),"How can I become a seller on Genius Shop, and what","rgb(17, 24, 39)","rgb(249, 250, 251)",16.98,PASS,PASS,24px,500,true,
FAQ,button,default,button:not([type=""hidden""]),"How do I place an purchase on Genius Shop, and what s","rgb(17, 24, 39)","rgb(249, 250, 251)",16.98,PASS,PASS,24px,500,true,
FAQ,button,default,button:not([type=""hidden""]),"What payment methods does Genius Shop accept, and ","rgb(17, 24, 39)","rgb(249, 250, 251)",16.98,PASS,PASS,24px,500,true,
FAQ,button,default,button:not([type=""hidden""]),"Can I track my purchase on Genius Shop, and how does ","rgb(17, 24, 39)","rgb(249, 250, 251)",16.98,PASS,PASS,24px,500,true,
FAQ,button,default,button:not([type=""hidden""]),"What is the return policy on Genius Shop, and how ","rgb(17, 24, 39)","rgb(249, 250, 251)",16.98,PASS,PASS,24px,500,true,
FAQ,button,default,button:not([type=""hidden""]),"How do I contact Genius Shop customer support, and","rgb(17, 24, 39)","rgb(249, 250, 251)",16.98,PASS,PASS,24px,500,true,
FAQ,button,default,button:not([type=""hidden""]),"Are there any shipping charges on Genius Shop, and","rgb(17, 24, 39)","rgb(249, 250, 251)",16.98,PASS,PASS,24px,500,true,
FAQ,button,default,[type=""submit""],Search,"rgb(85, 85, 85)","rgb(255, 255, 255)",7.46,PASS,PASS,13px,400,,
FAQ,link,default,a:not(.btn):not(.nav-link),0506552294,"rgb(195, 0, 47)","rgb(255, 255, 255)",6.25,PASS,FAIL,14px,400,,
FAQ,link,default,a:not(.btn):not(.nav-link),partstore.a@gmail.com,"rgb(195, 0, 47)","rgb(255, 255, 255)",6.25,PASS,FAIL,14px,400,,
FAQ,link,default,a:not(.btn):not(.nav-link),English,"rgb(195, 0, 47)","rgb(255, 255, 255)",6.25,PASS,FAIL,14px,400,,
FAQ,link,default,a:not(.btn):not(.nav-link),العربية,"rgb(195, 0, 47)","rgb(249, 250, 251)",5.98,PASS,FAIL,14px,400,,
FAQ,link,default,a:not(.btn):not(.nav-link),USD,"rgb(195, 0, 47)","rgb(255, 255, 255)",6.25,PASS,FAIL,14px,400,,
FAQ,link,default,a:not(.btn):not(.nav-link),SAR,"rgb(195, 0, 47)","rgb(249, 250, 251)",5.98,PASS,FAIL,14px,400,,
FAQ,link,default,a:not(.btn):not(.nav-link),Become Vendor,"rgb(195, 0, 47)","rgb(255, 255, 255)",6.25,PASS,FAIL,14px,400,,
FAQ,link,default,a:not(.btn):not(.nav-link),المندوب,"rgb(195, 0, 47)","rgb(255, 255, 255)",6.25,PASS,FAIL,14px,400,,
FAQ,link,default,a:not(.btn):not(.nav-link),تسجيل الدخول,"rgb(195, 0, 47)","rgb(255, 255, 255)",6.25,PASS,FAIL,16px,400,,
FAQ,label,default,label,الفئة,"rgb(17, 24, 39)","rgb(255, 255, 255)",17.74,PASS,PASS,13px,600,,
FAQ,label,default,label,Model,"rgb(17, 24, 39)","rgb(255, 255, 255)",17.74,PASS,PASS,13px,600,,
FAQ,label,default,label,Part Type,"rgb(17, 24, 39)","rgb(255, 255, 255)",17.74,PASS,PASS,13px,600,,
FAQ,label,default,label,Hide empty tabs until they have data,"rgb(17, 24, 39)","rgb(255, 255, 255)",17.74,PASS,PASS,14px,400,,
FAQ,label,default,label,Automatically show new incoming Ajax requests,"rgb(17, 24, 39)","rgb(255, 255, 255)",17.74,PASS,PASS,14px,400,,
FAQ,heading,default,"h1, h2, h3, h4",الأسئلة الشائعة,"rgb(255, 255, 255)","rgb(255, 255, 255)",1.00,FAIL,FAIL,48px,700,true,
FAQ,heading,default,"h1, h2, h3, h4",What is Genius Shop and how does it work?,"rgb(33, 37, 41)","rgb(255, 255, 255)",15.43,PASS,PASS,48px,700,true,
FAQ,heading,default,"h1, h2, h3, h4",How do I create an account on Genius Shop and what,"rgb(33, 37, 41)","rgb(255, 255, 255)",15.43,PASS,PASS,48px,700,true,
FAQ,heading,default,"h1, h2, h3, h4","How can I become a seller on Genius Shop, and what","rgb(33, 37, 41)","rgb(255, 255, 255)",15.43,PASS,PASS,48px,700,true,
FAQ,heading,default,"h1, h2, h3, h4","How do I place an purchase on Genius Shop, and what s","rgb(33, 37, 41)","rgb(255, 255, 255)",15.43,PASS,PASS,48px,700,true,
FAQ,heading,default,"h1, h2, h3, h4","What payment methods does Genius Shop accept, and ","rgb(33, 37, 41)","rgb(255, 255, 255)",15.43,PASS,PASS,48px,700,true,
FAQ,heading,default,"h1, h2, h3, h4","Can I track my purchase on Genius Shop, and how does ","rgb(33, 37, 41)","rgb(255, 255, 255)",15.43,PASS,PASS,48px,700,true,
FAQ,heading,default,"h1, h2, h3, h4","What is the return policy on Genius Shop, and how ","rgb(33, 37, 41)","rgb(255, 255, 255)",15.43,PASS,PASS,48px,700,true,
FAQ,heading,default,"h1, h2, h3, h4","How do I contact Genius Shop customer support, and","rgb(33, 37, 41)","rgb(255, 255, 255)",15.43,PASS,PASS,48px,700,true,
FAQ,heading,default,"h1, h2, h3, h4","Are there any shipping charges on Genius Shop, and","rgb(33, 37, 41)","rgb(255, 255, 255)",15.43,PASS,PASS,48px,700,true,
FAQ,text,default,p,"Login or create an account to access your orders, ","rgb(107, 114, 128)","rgb(255, 255, 255)",4.83,PASS,FAIL,13px,400,,
FAQ,text,default,p,Your trusted source for genuine auto parts and acc,"rgb(156, 163, 175)","rgb(255, 255, 255)",2.54,FAIL,FAIL,14.4px,400,,
FAQ,text,default,p,Subscribe to get updates on new catalogItems and offer,"rgb(156, 163, 175)","rgb(255, 255, 255)",2.54,FAIL,FAIL,14.4px,400,,
FAQ,text,default,p,COPYRIGHT © 2024. All Rights Reserved By YEM,"rgb(156, 163, 175)","rgba(0, 0, 0, 0.2)",8.27,PASS,PASS,13.6px,400,,
About,button,default,button:not([type=""hidden""]),العربية,"rgba(255, 255, 255, 0.9)","rgb(255, 255, 255)",1.00,FAIL,FAIL,13px,400,,
About,button,default,button:not([type=""hidden""]),SAR
                            SAR,"rgba(255, 255, 255, 0.9)","rgb(255, 255, 255)",1.00,FAIL,FAIL,13px,400,,
About,button,default,button:not([type=""hidden""]),الحساب,"rgb(17, 24, 39)","rgb(249, 250, 251)",16.98,PASS,PASS,16px,400,,
About,button,default,button:not([type=""hidden""]),كل الفئات,"rgb(33, 37, 41)","rgb(255, 255, 255)",15.43,PASS,PASS,16px,400,,
About,button,default,button:not([type=""hidden""]),Menu,"rgb(195, 0, 47)","rgb(255, 255, 255)",6.25,PASS,FAIL,11px,400,,
About,button,default,button:not([type=""hidden""]),التصنيفات,"rgb(107, 114, 128)","rgb(255, 255, 255)",4.83,PASS,FAIL,11px,400,,
About,button,default,button:not([type=""hidden""]),الحساب,"rgb(107, 114, 128)","rgb(255, 255, 255)",4.83,PASS,FAIL,11px,400,,
About,button,default,button:not([type=""hidden""]),الصفحات,"rgb(17, 24, 39)","rgb(255, 255, 255)",17.74,PASS,PASS,16px,400,,
About,button,default,button:not([type=""hidden""]),Show Products,"rgb(255, 255, 255)","rgb(195, 0, 47)",6.25,PASS,FAIL,15px,600,,
About,button,default,button:not([type=""hidden""]),Reset settings,"rgb(85, 85, 85)","rgb(255, 255, 255)",7.46,PASS,PASS,13px,400,,
About,button,default,button:not([type=""hidden""]),Search,"rgb(85, 85, 85)","rgb(255, 255, 255)",7.46,PASS,PASS,13px,400,,
About,button,default,[type=""submit""],Search,"rgb(85, 85, 85)","rgb(255, 255, 255)",7.46,PASS,PASS,13px,400,,
About,link,default,a:not(.btn):not(.nav-link),0506552294,"rgb(195, 0, 47)","rgb(255, 255, 255)",6.25,PASS,FAIL,14px,400,,
About,link,default,a:not(.btn):not(.nav-link),partstore.a@gmail.com,"rgb(195, 0, 47)","rgb(255, 255, 255)",6.25,PASS,FAIL,14px,400,,
About,link,default,a:not(.btn):not(.nav-link),English,"rgb(195, 0, 47)","rgb(255, 255, 255)",6.25,PASS,FAIL,14px,400,,
About,link,default,a:not(.btn):not(.nav-link),العربية,"rgb(195, 0, 47)","rgb(249, 250, 251)",5.98,PASS,FAIL,14px,400,,
About,link,default,a:not(.btn):not(.nav-link),USD,"rgb(195, 0, 47)","rgb(255, 255, 255)",6.25,PASS,FAIL,14px,400,,
About,link,default,a:not(.btn):not(.nav-link),SAR,"rgb(195, 0, 47)","rgb(249, 250, 251)",5.98,PASS,FAIL,14px,400,,
About,link,default,a:not(.btn):not(.nav-link),Become Vendor,"rgb(195, 0, 47)","rgb(255, 255, 255)",6.25,PASS,FAIL,14px,400,,
About,link,default,a:not(.btn):not(.nav-link),المندوب,"rgb(195, 0, 47)","rgb(255, 255, 255)",6.25,PASS,FAIL,14px,400,,
About,link,default,a:not(.btn):not(.nav-link),تسجيل الدخول,"rgb(195, 0, 47)","rgb(255, 255, 255)",6.25,PASS,FAIL,16px,400,,
About,label,default,label,الفئة,"rgb(17, 24, 39)","rgb(255, 255, 255)",17.74,PASS,PASS,13px,600,,
About,label,default,label,Model,"rgb(17, 24, 39)","rgb(255, 255, 255)",17.74,PASS,PASS,13px,600,,
About,label,default,label,Part Type,"rgb(17, 24, 39)","rgb(255, 255, 255)",17.74,PASS,PASS,13px,600,,
About,label,default,label,Hide empty tabs until they have data,"rgb(17, 24, 39)","rgb(255, 255, 255)",17.74,PASS,PASS,14px,400,,
About,label,default,label,Automatically show new incoming Ajax requests,"rgb(17, 24, 39)","rgb(255, 255, 255)",17.74,PASS,PASS,14px,400,,
About,heading,default,"h1, h2, h3, h4",About Us,"rgb(255, 255, 255)","rgb(255, 255, 255)",1.00,FAIL,FAIL,48px,700,true,
About,heading,default,"h1, h2, h3, h4",About Us,"rgb(33, 37, 41)","rgb(243, 244, 246)",14.02,PASS,PASS,32px,600,true,
About,text,default,p,"Login or create an account to access your orders, ","rgb(107, 114, 128)","rgb(255, 255, 255)",4.83,PASS,FAIL,13px,400,,
About,text,default,p,"About PARTSTOREWelcome to PARTSTORE, Saudi Arabia’","rgb(33, 37, 41)","rgb(243, 244, 246)",14.02,PASS,PASS,16px,400,,
About,text,default,p,Your trusted source for genuine auto parts and acc,"rgb(156, 163, 175)","rgb(255, 255, 255)",2.54,FAIL,FAIL,14.4px,400,,
Cart,button,default,.btn,العودة إلى الصفحة الرئيسية,"rgb(255, 255, 255)","rgb(31, 41, 55)",14.68,PASS,PASS,14px,400,,
Cart,button,default,button:not([type=""hidden""]),العربية,"rgba(255, 255, 255, 0.9)","rgb(255, 255, 255)",1.00,FAIL,FAIL,13px,400,,
Cart,button,default,button:not([type=""hidden""]),SAR
                            SAR,"rgba(255, 255, 255, 0.9)","rgb(255, 255, 255)",1.00,FAIL,FAIL,13px,400,,
Cart,button,default,button:not([type=""hidden""]),الحساب,"rgb(17, 24, 39)","rgb(249, 250, 251)",16.98,PASS,PASS,16px,400,,
Cart,button,default,button:not([type=""hidden""]),كل الفئات,"rgb(33, 37, 41)","rgb(255, 255, 255)",15.43,PASS,PASS,16px,400,,
Cart,button,default,button:not([type=""hidden""]),Menu,"rgb(195, 0, 47)","rgb(255, 255, 255)",6.25,PASS,FAIL,11px,400,,
Cart,button,default,button:not([type=""hidden""]),التصنيفات,"rgb(107, 114, 128)","rgb(255, 255, 255)",4.83,PASS,FAIL,11px,400,,
Cart,button,default,button:not([type=""hidden""]),الحساب,"rgb(107, 114, 128)","rgb(255, 255, 255)",4.83,PASS,FAIL,11px,400,,
Cart,button,default,button:not([type=""hidden""]),الصفحات,"rgb(17, 24, 39)","rgb(255, 255, 255)",17.74,PASS,PASS,16px,400,,
Cart,button,default,button:not([type=""hidden""]),Show Products,"rgb(255, 255, 255)","rgb(195, 0, 47)",6.25,PASS,FAIL,15px,600,,
Cart,button,default,button:not([type=""hidden""]),Reset settings,"rgb(85, 85, 85)","rgb(255, 255, 255)",7.46,PASS,PASS,13px,400,,
Cart,button,default,button:not([type=""hidden""]),Search,"rgb(85, 85, 85)","rgb(255, 255, 255)",7.46,PASS,PASS,13px,400,,
Cart,button,default,[type=""submit""],Search,"rgb(85, 85, 85)","rgb(255, 255, 255)",7.46,PASS,PASS,13px,400,,
Cart,link,default,a:not(.btn):not(.nav-link),0506552294,"rgb(195, 0, 47)","rgb(255, 255, 255)",6.25,PASS,FAIL,14px,400,,
Cart,link,default,a:not(.btn):not(.nav-link),partstore.a@gmail.com,"rgb(195, 0, 47)","rgb(255, 255, 255)",6.25,PASS,FAIL,14px,400,,
Cart,link,default,a:not(.btn):not(.nav-link),English,"rgb(195, 0, 47)","rgb(255, 255, 255)",6.25,PASS,FAIL,14px,400,,
Cart,link,default,a:not(.btn):not(.nav-link),العربية,"rgb(195, 0, 47)","rgb(249, 250, 251)",5.98,PASS,FAIL,14px,400,,
Cart,link,default,a:not(.btn):not(.nav-link),USD,"rgb(195, 0, 47)","rgb(255, 255, 255)",6.25,PASS,FAIL,14px,400,,
Cart,link,default,a:not(.btn):not(.nav-link),SAR,"rgb(195, 0, 47)","rgb(249, 250, 251)",5.98,PASS,FAIL,14px,400,,
Cart,link,default,a:not(.btn):not(.nav-link),Become Vendor,"rgb(195, 0, 47)","rgb(255, 255, 255)",6.25,PASS,FAIL,14px,400,,
Cart,link,default,a:not(.btn):not(.nav-link),المندوب,"rgb(195, 0, 47)","rgb(255, 255, 255)",6.25,PASS,FAIL,14px,400,,
Cart,link,default,a:not(.btn):not(.nav-link),تسجيل الدخول,"rgb(195, 0, 47)","rgb(255, 255, 255)",6.25,PASS,FAIL,16px,400,,
Cart,label,default,label,الفئة,"rgb(17, 24, 39)","rgb(255, 255, 255)",17.74,PASS,PASS,13px,600,,
Cart,label,default,label,Model,"rgb(17, 24, 39)","rgb(255, 255, 255)",17.74,PASS,PASS,13px,600,,
Cart,label,default,label,Part Type,"rgb(17, 24, 39)","rgb(255, 255, 255)",17.74,PASS,PASS,13px,600,,
Cart,label,default,label,Hide empty tabs until they have data,"rgb(17, 24, 39)","rgb(255, 255, 255)",17.74,PASS,PASS,14px,400,,
Cart,label,default,label,Automatically show new incoming Ajax requests,"rgb(17, 24, 39)","rgb(255, 255, 255)",17.74,PASS,PASS,14px,400,,
Cart,heading,default,"h1, h2, h3, h4",Error Page,"rgb(55, 65, 81)","rgb(249, 250, 251)",9.86,PASS,PASS,40px,600,true,
Cart,heading,default,"h1, h2, h3, h4",صفحة 404 - لم يتم العثور عليها,"rgb(33, 37, 41)","rgb(255, 255, 255)",15.43,PASS,PASS,48px,700,true,
Cart,text,default,p,"Login or create an account to access your orders, ","rgb(107, 114, 128)","rgb(255, 255, 255)",4.83,PASS,FAIL,13px,400,,
Cart,text,default,p,الصفحة التي تبحث عنها غير موجودة أو حدث خطأ آخر. ا,"rgb(33, 37, 41)","rgb(255, 255, 255)",15.43,PASS,PASS,16px,400,,
Cart,text,default,p,Your trusted source for genuine auto parts and acc,"rgb(156, 163, 175)","rgb(255, 255, 255)",2.54,FAIL,FAIL,14.4px,400,,
Cart,text,default,p,Subscribe to get updates on new catalogItems and offer,"rgb(156, 163, 175)","rgb(255, 255, 255)",2.54,FAIL,FAIL,14.4px,400,,
Cart,text,default,p,COPYRIGHT © 2024. All Rights Reserved By YEM,"rgb(156, 163, 175)","rgba(0, 0, 0, 0.2)",8.27,PASS,PASS,13.6px,400,,
Checkout,button,default,.m-btn,ابدأ التسوق,"rgb(195, 0, 47)","rgb(195, 0, 47)",1.00,FAIL,FAIL,14px,500,,
Checkout,button,default,button:not([type=""hidden""]),العربية,"rgba(255, 255, 255, 0.9)","rgb(255, 255, 255)",1.00,FAIL,FAIL,13px,400,,
Checkout,button,default,button:not([type=""hidden""]),SAR
                            SAR,"rgba(255, 255, 255, 0.9)","rgb(255, 255, 255)",1.00,FAIL,FAIL,13px,400,,
Checkout,button,default,button:not([type=""hidden""]),الحساب,"rgb(17, 24, 39)","rgb(249, 250, 251)",16.98,PASS,PASS,16px,400,,
Checkout,button,default,button:not([type=""hidden""]),كل الفئات,"rgb(33, 37, 41)","rgb(255, 255, 255)",15.43,PASS,PASS,16px,400,,
Checkout,button,default,button:not([type=""hidden""]),Menu,"rgb(195, 0, 47)","rgb(255, 255, 255)",6.25,PASS,FAIL,11px,400,,
Checkout,button,default,button:not([type=""hidden""]),التصنيفات,"rgb(107, 114, 128)","rgb(255, 255, 255)",4.83,PASS,FAIL,11px,400,,
Checkout,button,default,button:not([type=""hidden""]),الحساب,"rgb(107, 114, 128)","rgb(255, 255, 255)",4.83,PASS,FAIL,11px,400,,
Checkout,button,default,button:not([type=""hidden""]),الصفحات,"rgb(17, 24, 39)","rgb(255, 255, 255)",17.74,PASS,PASS,16px,400,,
Checkout,button,default,button:not([type=""hidden""]),Show Products,"rgb(255, 255, 255)","rgb(195, 0, 47)",6.25,PASS,FAIL,15px,600,,
Checkout,button,default,button:not([type=""hidden""]),Reset settings,"rgb(85, 85, 85)","rgb(255, 255, 255)",7.46,PASS,PASS,13px,400,,
Checkout,button,default,button:not([type=""hidden""]),Search,"rgb(85, 85, 85)","rgb(255, 255, 255)",7.46,PASS,PASS,13px,400,,
Checkout,button,default,[type=""submit""],Search,"rgb(85, 85, 85)","rgb(255, 255, 255)",7.46,PASS,PASS,13px,400,,
Checkout,link,default,a:not(.btn):not(.nav-link),0506552294,"rgb(195, 0, 47)","rgb(255, 255, 255)",6.25,PASS,FAIL,14px,400,,
Checkout,link,default,a:not(.btn):not(.nav-link),partstore.a@gmail.com,"rgb(195, 0, 47)","rgb(255, 255, 255)",6.25,PASS,FAIL,14px,400,,
Checkout,link,default,a:not(.btn):not(.nav-link),English,"rgb(195, 0, 47)","rgb(255, 255, 255)",6.25,PASS,FAIL,14px,400,,
Checkout,link,default,a:not(.btn):not(.nav-link),العربية,"rgb(195, 0, 47)","rgb(249, 250, 251)",5.98,PASS,FAIL,14px,400,,
Checkout,link,default,a:not(.btn):not(.nav-link),USD,"rgb(195, 0, 47)","rgb(255, 255, 255)",6.25,PASS,FAIL,14px,400,,
Checkout,link,default,a:not(.btn):not(.nav-link),SAR,"rgb(195, 0, 47)","rgb(249, 250, 251)",5.98,PASS,FAIL,14px,400,,
Checkout,link,default,a:not(.btn):not(.nav-link),Become Vendor,"rgb(195, 0, 47)","rgb(255, 255, 255)",6.25,PASS,FAIL,14px,400,,
Checkout,link,default,a:not(.btn):not(.nav-link),المندوب,"rgb(195, 0, 47)","rgb(255, 255, 255)",6.25,PASS,FAIL,14px,400,,
Checkout,link,default,a:not(.btn):not(.nav-link),تسجيل الدخول,"rgb(195, 0, 47)","rgb(255, 255, 255)",6.25,PASS,FAIL,16px,400,,
Checkout,label,default,label,الفئة,"rgb(17, 24, 39)","rgb(255, 255, 255)",17.74,PASS,PASS,13px,600,,
Checkout,label,default,label,Model,"rgb(17, 24, 39)","rgb(255, 255, 255)",17.74,PASS,PASS,13px,600,,
Checkout,label,default,label,Part Type,"rgb(17, 24, 39)","rgb(255, 255, 255)",17.74,PASS,PASS,13px,600,,
Checkout,label,default,label,Hide empty tabs until they have data,"rgb(17, 24, 39)","rgb(255, 255, 255)",17.74,PASS,PASS,14px,400,,
Checkout,label,default,label,Automatically show new incoming Ajax requests,"rgb(17, 24, 39)","rgb(255, 255, 255)",17.74,PASS,PASS,14px,400,,
Checkout,heading,default,"h1, h2, h3, h4",سلة الشراء,"rgb(255, 255, 255)","rgb(255, 255, 255)",1.00,FAIL,FAIL,48px,700,true,
Checkout,heading,default,"h1, h2, h3, h4",سلة التسوق فارغة,"rgb(33, 37, 41)","rgb(243, 244, 246)",14.02,PASS,PASS,32px,600,true,
Checkout,text,default,p,"Login or create an account to access your orders, ","rgb(107, 114, 128)","rgb(255, 255, 255)",4.83,PASS,FAIL,13px,400,,
Checkout,text,default,p,أضف بعض المنتجات إلى سلتك,"rgb(107, 114, 128)","rgb(243, 244, 246)",4.39,FAIL,FAIL,16px,400,,
Checkout,text,default,p,Your trusted source for genuine auto parts and acc,"rgb(156, 163, 175)","rgb(255, 255, 255)",2.54,FAIL,FAIL,14.4px,400,,
Checkout,text,default,p,Subscribe to get updates on new catalogItems and offer,"rgb(156, 163, 175)","rgb(255, 255, 255)",2.54,FAIL,FAIL,14.4px,400,,
Checkout,text,default,p,COPYRIGHT © 2024. All Rights Reserved By YEM,"rgb(156, 163, 175)","rgba(0, 0, 0, 0.2)",8.27,PASS,PASS,13.6px,400,,
Login,button,default,.btn,العودة إلى الصفحة الرئيسية,"rgb(255, 255, 255)","rgb(31, 41, 55)",14.68,PASS,PASS,14px,400,,
Login,button,default,button:not([type=""hidden""]),العربية,"rgba(255, 255, 255, 0.9)","rgb(255, 255, 255)",1.00,FAIL,FAIL,13px,400,,
Login,button,default,button:not([type=""hidden""]),SAR
                            SAR,"rgba(255, 255, 255, 0.9)","rgb(255, 255, 255)",1.00,FAIL,FAIL,13px,400,,
Login,button,default,button:not([type=""hidden""]),الحساب,"rgb(17, 24, 39)","rgb(249, 250, 251)",16.98,PASS,PASS,16px,400,,
Login,button,default,button:not([type=""hidden""]),كل الفئات,"rgb(33, 37, 41)","rgb(255, 255, 255)",15.43,PASS,PASS,16px,400,,
Login,button,default,button:not([type=""hidden""]),Menu,"rgb(195, 0, 47)","rgb(255, 255, 255)",6.25,PASS,FAIL,11px,400,,
Login,button,default,button:not([type=""hidden""]),التصنيفات,"rgb(107, 114, 128)","rgb(255, 255, 255)",4.83,PASS,FAIL,11px,400,,
Login,button,default,button:not([type=""hidden""]),الحساب,"rgb(107, 114, 128)","rgb(255, 255, 255)",4.83,PASS,FAIL,11px,400,,
Login,button,default,button:not([type=""hidden""]),الصفحات,"rgb(17, 24, 39)","rgb(255, 255, 255)",17.74,PASS,PASS,16px,400,,
Login,button,default,button:not([type=""hidden""]),Show Products,"rgb(255, 255, 255)","rgb(195, 0, 47)",6.25,PASS,FAIL,15px,600,,
Login,button,default,button:not([type=""hidden""]),Reset settings,"rgb(85, 85, 85)","rgb(255, 255, 255)",7.46,PASS,PASS,13px,400,,
Login,button,default,button:not([type=""hidden""]),Search,"rgb(85, 85, 85)","rgb(255, 255, 255)",7.46,PASS,PASS,13px,400,,
Login,button,default,[type=""submit""],Search,"rgb(85, 85, 85)","rgb(255, 255, 255)",7.46,PASS,PASS,13px,400,,
Login,link,default,a:not(.btn):not(.nav-link),0506552294,"rgb(195, 0, 47)","rgb(255, 255, 255)",6.25,PASS,FAIL,14px,400,,
Login,link,default,a:not(.btn):not(.nav-link),partstore.a@gmail.com,"rgb(195, 0, 47)","rgb(255, 255, 255)",6.25,PASS,FAIL,14px,400,,
Login,link,default,a:not(.btn):not(.nav-link),English,"rgb(195, 0, 47)","rgb(255, 255, 255)",6.25,PASS,FAIL,14px,400,,
Login,link,default,a:not(.btn):not(.nav-link),العربية,"rgb(195, 0, 47)","rgb(249, 250, 251)",5.98,PASS,FAIL,14px,400,,
Login,link,default,a:not(.btn):not(.nav-link),USD,"rgb(195, 0, 47)","rgb(255, 255, 255)",6.25,PASS,FAIL,14px,400,,
Login,link,default,a:not(.btn):not(.nav-link),SAR,"rgb(195, 0, 47)","rgb(249, 250, 251)",5.98,PASS,FAIL,14px,400,,
Login,link,default,a:not(.btn):not(.nav-link),Become Vendor,"rgb(195, 0, 47)","rgb(255, 255, 255)",6.25,PASS,FAIL,14px,400,,
Login,link,default,a:not(.btn):not(.nav-link),المندوب,"rgb(195, 0, 47)","rgb(255, 255, 255)",6.25,PASS,FAIL,14px,400,,
Login,link,default,a:not(.btn):not(.nav-link),تسجيل الدخول,"rgb(195, 0, 47)","rgb(255, 255, 255)",6.25,PASS,FAIL,16px,400,,
Login,label,default,label,الفئة,"rgb(17, 24, 39)","rgb(255, 255, 255)",17.74,PASS,PASS,13px,600,,
Login,label,default,label,Model,"rgb(17, 24, 39)","rgb(255, 255, 255)",17.74,PASS,PASS,13px,600,,
Login,label,default,label,Part Type,"rgb(17, 24, 39)","rgb(255, 255, 255)",17.74,PASS,PASS,13px,600,,
Login,label,default,label,Hide empty tabs until they have data,"rgb(17, 24, 39)","rgb(255, 255, 255)",17.74,PASS,PASS,14px,400,,
Login,label,default,label,Automatically show new incoming Ajax requests,"rgb(17, 24, 39)","rgb(255, 255, 255)",17.74,PASS,PASS,14px,400,,
Login,heading,default,"h1, h2, h3, h4",Error Page,"rgb(55, 65, 81)","rgb(249, 250, 251)",9.86,PASS,PASS,40px,600,true,
Login,heading,default,"h1, h2, h3, h4",صفحة 404 - لم يتم العثور عليها,"rgb(33, 37, 41)","rgb(255, 255, 255)",15.43,PASS,PASS,48px,700,true,
Login,text,default,p,"Login or create an account to access your orders, ","rgb(107, 114, 128)","rgb(255, 255, 255)",4.83,PASS,FAIL,13px,400,,
Login,text,default,p,الصفحة التي تبحث عنها غير موجودة أو حدث خطأ آخر. ا,"rgb(33, 37, 41)","rgb(255, 255, 255)",15.43,PASS,PASS,16px,400,,
Login,text,default,p,Your trusted source for genuine auto parts and acc,"rgb(156, 163, 175)","rgb(255, 255, 255)",2.54,FAIL,FAIL,14.4px,400,,
Login,text,default,p,Subscribe to get updates on new catalogItems and offer,"rgb(156, 163, 175)","rgb(255, 255, 255)",2.54,FAIL,FAIL,14.4px,400,,
Login,text,default,p,COPYRIGHT © 2024. All Rights Reserved By YEM,"rgb(156, 163, 175)","rgba(0, 0, 0, 0.2)",8.27,PASS,PASS,13.6px,400,,
Register,button,default,.btn,العودة إلى الصفحة الرئيسية,"rgb(255, 255, 255)","rgb(31, 41, 55)",14.68,PASS,PASS,14px,400,,
Register,button,default,button:not([type=""hidden""]),العربية,"rgba(255, 255, 255, 0.9)","rgb(255, 255, 255)",1.00,FAIL,FAIL,13px,400,,
Register,button,default,button:not([type=""hidden""]),SAR
                            SAR,"rgba(255, 255, 255, 0.9)","rgb(255, 255, 255)",1.00,FAIL,FAIL,13px,400,,
Register,button,default,button:not([type=""hidden""]),الحساب,"rgb(17, 24, 39)","rgb(249, 250, 251)",16.98,PASS,PASS,16px,400,,
Register,button,default,button:not([type=""hidden""]),كل الفئات,"rgb(33, 37, 41)","rgb(255, 255, 255)",15.43,PASS,PASS,16px,400,,
Register,button,default,button:not([type=""hidden""]),Menu,"rgb(195, 0, 47)","rgb(255, 255, 255)",6.25,PASS,FAIL,11px,400,,
Register,button,default,button:not([type=""hidden""]),التصنيفات,"rgb(107, 114, 128)","rgb(255, 255, 255)",4.83,PASS,FAIL,11px,400,,
Register,button,default,button:not([type=""hidden""]),الحساب,"rgb(107, 114, 128)","rgb(255, 255, 255)",4.83,PASS,FAIL,11px,400,,
Register,button,default,button:not([type=""hidden""]),الصفحات,"rgb(17, 24, 39)","rgb(255, 255, 255)",17.74,PASS,PASS,16px,400,,
Register,button,default,button:not([type=""hidden""]),Show Products,"rgb(255, 255, 255)","rgb(195, 0, 47)",6.25,PASS,FAIL,15px,600,,
Register,button,default,button:not([type=""hidden""]),Reset settings,"rgb(85, 85, 85)","rgb(255, 255, 255)",7.46,PASS,PASS,13px,400,,
Register,button,default,button:not([type=""hidden""]),Search,"rgb(85, 85, 85)","rgb(255, 255, 255)",7.46,PASS,PASS,13px,400,,
Register,button,default,[type=""submit""],Search,"rgb(85, 85, 85)","rgb(255, 255, 255)",7.46,PASS,PASS,13px,400,,
Register,link,default,a:not(.btn):not(.nav-link),0506552294,"rgb(195, 0, 47)","rgb(255, 255, 255)",6.25,PASS,FAIL,14px,400,,
Register,link,default,a:not(.btn):not(.nav-link),partstore.a@gmail.com,"rgb(195, 0, 47)","rgb(255, 255, 255)",6.25,PASS,FAIL,14px,400,,
Register,link,default,a:not(.btn):not(.nav-link),English,"rgb(195, 0, 47)","rgb(255, 255, 255)",6.25,PASS,FAIL,14px,400,,
Register,link,default,a:not(.btn):not(.nav-link),العربية,"rgb(195, 0, 47)","rgb(249, 250, 251)",5.98,PASS,FAIL,14px,400,,
Register,link,default,a:not(.btn):not(.nav-link),USD,"rgb(195, 0, 47)","rgb(255, 255, 255)",6.25,PASS,FAIL,14px,400,,
Register,link,default,a:not(.btn):not(.nav-link),SAR,"rgb(195, 0, 47)","rgb(249, 250, 251)",5.98,PASS,FAIL,14px,400,,
Register,link,default,a:not(.btn):not(.nav-link),Become Vendor,"rgb(195, 0, 47)","rgb(255, 255, 255)",6.25,PASS,FAIL,14px,400,,
Register,link,default,a:not(.btn):not(.nav-link),المندوب,"rgb(195, 0, 47)","rgb(255, 255, 255)",6.25,PASS,FAIL,14px,400,,
Register,link,default,a:not(.btn):not(.nav-link),تسجيل الدخول,"rgb(195, 0, 47)","rgb(255, 255, 255)",6.25,PASS,FAIL,16px,400,,
Register,label,default,label,الفئة,"rgb(17, 24, 39)","rgb(255, 255, 255)",17.74,PASS,PASS,13px,600,,
Register,label,default,label,Model,"rgb(17, 24, 39)","rgb(255, 255, 255)",17.74,PASS,PASS,13px,600,,
Register,label,default,label,Part Type,"rgb(17, 24, 39)","rgb(255, 255, 255)",17.74,PASS,PASS,13px,600,,
Register,label,default,label,Hide empty tabs until they have data,"rgb(17, 24, 39)","rgb(255, 255, 255)",17.74,PASS,PASS,14px,400,,
Register,label,default,label,Automatically show new incoming Ajax requests,"rgb(17, 24, 39)","rgb(255, 255, 255)",17.74,PASS,PASS,14px,400,,
Register,heading,default,"h1, h2, h3, h4",Error Page,"rgb(55, 65, 81)","rgb(249, 250, 251)",9.86,PASS,PASS,40px,600,true,
Register,heading,default,"h1, h2, h3, h4",صفحة 404 - لم يتم العثور عليها,"rgb(33, 37, 41)","rgb(255, 255, 255)",15.43,PASS,PASS,48px,700,true,
Register,text,default,p,"Login or create an account to access your orders, ","rgb(107, 114, 128)","rgb(255, 255, 255)",4.83,PASS,FAIL,13px,400,,
Register,text,default,p,الصفحة التي تبحث عنها غير موجودة أو حدث خطأ آخر. ا,"rgb(33, 37, 41)","rgb(255, 255, 255)",15.43,PASS,PASS,16px,400,,
Register,text,default,p,Your trusted source for genuine auto parts and acc,"rgb(156, 163, 175)","rgb(255, 255, 255)",2.54,FAIL,FAIL,14.4px,400,,
Register,text,default,p,Subscribe to get updates on new catalogItems and offer,"rgb(156, 163, 175)","rgb(255, 255, 255)",2.54,FAIL,FAIL,14.4px,400,,
Register,text,default,p,COPYRIGHT © 2024. All Rights Reserved By YEM,"rgb(156, 163, 175)","rgba(0, 0, 0, 0.2)",8.27,PASS,PASS,13.6px,400,,
Blog,button,default,button:not([type=""hidden""]),العربية,"rgba(255, 255, 255, 0.9)","rgb(255, 255, 255)",1.00,FAIL,FAIL,13px,400,,
Blog,button,default,button:not([type=""hidden""]),SAR
                            SAR,"rgba(255, 255, 255, 0.9)","rgb(255, 255, 255)",1.00,FAIL,FAIL,13px,400,,
Blog,button,default,button:not([type=""hidden""]),الحساب,"rgb(17, 24, 39)","rgb(249, 250, 251)",16.98,PASS,PASS,16px,400,,
Blog,button,default,button:not([type=""hidden""]),كل الفئات,"rgb(33, 37, 41)","rgb(255, 255, 255)",15.43,PASS,PASS,16px,400,,
Blog,button,default,button:not([type=""hidden""]),Menu,"rgb(195, 0, 47)","rgb(255, 255, 255)",6.25,PASS,FAIL,11px,400,,
Blog,button,default,button:not([type=""hidden""]),التصنيفات,"rgb(107, 114, 128)","rgb(255, 255, 255)",4.83,PASS,FAIL,11px,400,,
Blog,button,default,button:not([type=""hidden""]),الحساب,"rgb(107, 114, 128)","rgb(255, 255, 255)",4.83,PASS,FAIL,11px,400,,
Blog,button,default,button:not([type=""hidden""]),الصفحات,"rgb(17, 24, 39)","rgb(255, 255, 255)",17.74,PASS,PASS,16px,400,,
Blog,button,default,button:not([type=""hidden""]),Show Products,"rgb(255, 255, 255)","rgb(195, 0, 47)",6.25,PASS,FAIL,15px,600,,
Blog,button,default,button:not([type=""hidden""]),Reset settings,"rgb(85, 85, 85)","rgb(255, 255, 255)",7.46,PASS,PASS,13px,400,,
Blog,button,default,button:not([type=""hidden""]),Search,"rgb(85, 85, 85)","rgb(255, 255, 255)",7.46,PASS,PASS,13px,400,,
Blog,button,default,[type=""submit""],Search,"rgb(85, 85, 85)","rgb(255, 255, 255)",7.46,PASS,PASS,13px,400,,
Blog,button,default,.template-btn,اقرأ المزيد,"rgb(195, 0, 47)","rgb(255, 255, 255)",6.25,PASS,FAIL,14px,400,,
Blog,button,default,.template-btn,اقرأ المزيد,"rgb(195, 0, 47)","rgb(255, 255, 255)",6.25,PASS,FAIL,14px,400,,
Blog,link,default,a:not(.btn):not(.nav-link),0506552294,"rgb(195, 0, 47)","rgb(255, 255, 255)",6.25,PASS,FAIL,14px,400,,
Blog,link,default,a:not(.btn):not(.nav-link),partstore.a@gmail.com,"rgb(195, 0, 47)","rgb(255, 255, 255)",6.25,PASS,FAIL,14px,400,,
Blog,link,default,a:not(.btn):not(.nav-link),English,"rgb(195, 0, 47)","rgb(255, 255, 255)",6.25,PASS,FAIL,14px,400,,
Blog,link,default,a:not(.btn):not(.nav-link),العربية,"rgb(195, 0, 47)","rgb(249, 250, 251)",5.98,PASS,FAIL,14px,400,,
Blog,link,default,a:not(.btn):not(.nav-link),USD,"rgb(195, 0, 47)","rgb(255, 255, 255)",6.25,PASS,FAIL,14px,400,,
Blog,link,default,a:not(.btn):not(.nav-link),SAR,"rgb(195, 0, 47)","rgb(249, 250, 251)",5.98,PASS,FAIL,14px,400,,
Blog,link,default,a:not(.btn):not(.nav-link),Become Vendor,"rgb(195, 0, 47)","rgb(255, 255, 255)",6.25,PASS,FAIL,14px,400,,
Blog,link,default,a:not(.btn):not(.nav-link),المندوب,"rgb(195, 0, 47)","rgb(255, 255, 255)",6.25,PASS,FAIL,14px,400,,
Blog,link,default,a:not(.btn):not(.nav-link),تسجيل الدخول,"rgb(195, 0, 47)","rgb(255, 255, 255)",6.25,PASS,FAIL,16px,400,,
Blog,label,default,label,الفئة,"rgb(17, 24, 39)","rgb(255, 255, 255)",17.74,PASS,PASS,13px,600,,
Blog,label,default,label,Model,"rgb(17, 24, 39)","rgb(255, 255, 255)",17.74,PASS,PASS,13px,600,,
Blog,label,default,label,Part Type,"rgb(17, 24, 39)","rgb(255, 255, 255)",17.74,PASS,PASS,13px,600,,
Blog,label,default,label,Hide empty tabs until they have data,"rgb(17, 24, 39)","rgb(255, 255, 255)",17.74,PASS,PASS,14px,400,,
Blog,label,default,label,Automatically show new incoming Ajax requests,"rgb(17, 24, 39)","rgb(255, 255, 255)",17.74,PASS,PASS,14px,400,,
Blog,heading,default,"h1, h2, h3, h4",المدونة,"rgb(255, 255, 255)","rgb(255, 255, 255)",1.00,FAIL,FAIL,48px,700,true,
Blog,heading,default,"h1, h2, h3, h4",NISSAN OFFERS  SPECIAL OfferS,"rgb(33, 37, 41)","rgb(255, 255, 255)",15.43,PASS,PASS,32px,600,true,
Blog,heading,default,"h1, h2, h3, h4",FIND YOUR PERFECT NISSAN,"rgb(33, 37, 41)","rgb(255, 255, 255)",15.43,PASS,PASS,32px,600,true,
Blog,text,default,p,"Login or create an account to access your orders, ","rgb(107, 114, 128)","rgb(255, 255, 255)",4.83,PASS,FAIL,13px,400,,
Blog,text,default,p,عروض نيسانعروض خاصةإشتر الآن وأدفع في رمضان 2025أم,"rgb(55, 65, 81)","rgb(255, 255, 255)",10.31,PASS,PASS,16px,400,,
Blog,text,default,p,DISCOVER OUR EXCITING &amp; EXTENSIVE RANGEFIND YO,"rgb(55, 65, 81)","rgb(255, 255, 255)",10.31,PASS,PASS,16px,400,,
Blog,text,default,p,Your trusted source for genuine auto parts and acc,"rgb(156, 163, 175)","rgb(255, 255, 255)",2.54,FAIL,FAIL,14.4px,400,,
Blog,text,default,p,Subscribe to get updates on new catalogItems and offer,"rgb(156, 163, 175)","rgb(255, 255, 255)",2.54,FAIL,FAIL,14.4px,400,,
Brands,button,default,.btn,العودة إلى الصفحة الرئيسية,"rgb(255, 255, 255)","rgb(31, 41, 55)",14.68,PASS,PASS,14px,400,,
Brands,button,default,button:not([type=""hidden""]),العربية,"rgba(255, 255, 255, 0.9)","rgb(255, 255, 255)",1.00,FAIL,FAIL,13px,400,,
Brands,button,default,button:not([type=""hidden""]),SAR
                            SAR,"rgba(255, 255, 255, 0.9)","rgb(255, 255, 255)",1.00,FAIL,FAIL,13px,400,,
Brands,button,default,button:not([type=""hidden""]),الحساب,"rgb(17, 24, 39)","rgb(249, 250, 251)",16.98,PASS,PASS,16px,400,,
Brands,button,default,button:not([type=""hidden""]),كل الفئات,"rgb(33, 37, 41)","rgb(255, 255, 255)",15.43,PASS,PASS,16px,400,,
Brands,button,default,button:not([type=""hidden""]),Menu,"rgb(195, 0, 47)","rgb(255, 255, 255)",6.25,PASS,FAIL,11px,400,,
Brands,button,default,button:not([type=""hidden""]),التصنيفات,"rgb(107, 114, 128)","rgb(255, 255, 255)",4.83,PASS,FAIL,11px,400,,
Brands,button,default,button:not([type=""hidden""]),الحساب,"rgb(107, 114, 128)","rgb(255, 255, 255)",4.83,PASS,FAIL,11px,400,,
Brands,button,default,button:not([type=""hidden""]),الصفحات,"rgb(17, 24, 39)","rgb(255, 255, 255)",17.74,PASS,PASS,16px,400,,
Brands,button,default,button:not([type=""hidden""]),Show Products,"rgb(255, 255, 255)","rgb(195, 0, 47)",6.25,PASS,FAIL,15px,600,,
Brands,button,default,button:not([type=""hidden""]),Reset settings,"rgb(85, 85, 85)","rgb(255, 255, 255)",7.46,PASS,PASS,13px,400,,
Brands,button,default,button:not([type=""hidden""]),Search,"rgb(85, 85, 85)","rgb(255, 255, 255)",7.46,PASS,PASS,13px,400,,
Brands,button,default,[type=""submit""],Search,"rgb(85, 85, 85)","rgb(255, 255, 255)",7.46,PASS,PASS,13px,400,,
Brands,link,default,a:not(.btn):not(.nav-link),0506552294,"rgb(195, 0, 47)","rgb(255, 255, 255)",6.25,PASS,FAIL,14px,400,,
Brands,link,default,a:not(.btn):not(.nav-link),partstore.a@gmail.com,"rgb(195, 0, 47)","rgb(255, 255, 255)",6.25,PASS,FAIL,14px,400,,
Brands,link,default,a:not(.btn):not(.nav-link),English,"rgb(195, 0, 47)","rgb(255, 255, 255)",6.25,PASS,FAIL,14px,400,,
Brands,link,default,a:not(.btn):not(.nav-link),العربية,"rgb(195, 0, 47)","rgb(249, 250, 251)",5.98,PASS,FAIL,14px,400,,
Brands,link,default,a:not(.btn):not(.nav-link),USD,"rgb(195, 0, 47)","rgb(255, 255, 255)",6.25,PASS,FAIL,14px,400,,
Brands,link,default,a:not(.btn):not(.nav-link),SAR,"rgb(195, 0, 47)","rgb(249, 250, 251)",5.98,PASS,FAIL,14px,400,,
Brands,link,default,a:not(.btn):not(.nav-link),Become Vendor,"rgb(195, 0, 47)","rgb(255, 255, 255)",6.25,PASS,FAIL,14px,400,,
Brands,link,default,a:not(.btn):not(.nav-link),المندوب,"rgb(195, 0, 47)","rgb(255, 255, 255)",6.25,PASS,FAIL,14px,400,,
Brands,link,default,a:not(.btn):not(.nav-link),تسجيل الدخول,"rgb(195, 0, 47)","rgb(255, 255, 255)",6.25,PASS,FAIL,16px,400,,
Brands,label,default,label,الفئة,"rgb(17, 24, 39)","rgb(255, 255, 255)",17.74,PASS,PASS,13px,600,,
Brands,label,default,label,Model,"rgb(17, 24, 39)","rgb(255, 255, 255)",17.74,PASS,PASS,13px,600,,
Brands,label,default,label,Part Type,"rgb(17, 24, 39)","rgb(255, 255, 255)",17.74,PASS,PASS,13px,600,,
Brands,label,default,label,Hide empty tabs until they have data,"rgb(17, 24, 39)","rgb(255, 255, 255)",17.74,PASS,PASS,14px,400,,
Brands,label,default,label,Automatically show new incoming Ajax requests,"rgb(17, 24, 39)","rgb(255, 255, 255)",17.74,PASS,PASS,14px,400,,
Brands,heading,default,"h1, h2, h3, h4",Error Page,"rgb(55, 65, 81)","rgb(249, 250, 251)",9.86,PASS,PASS,40px,600,true,
Brands,heading,default,"h1, h2, h3, h4",صفحة 404 - لم يتم العثور عليها,"rgb(33, 37, 41)","rgb(255, 255, 255)",15.43,PASS,PASS,48px,700,true,
Brands,text,default,p,"Login or create an account to access your orders, ","rgb(107, 114, 128)","rgb(255, 255, 255)",4.83,PASS,FAIL,13px,400,,
Brands,text,default,p,الصفحة التي تبحث عنها غير موجودة أو حدث خطأ آخر. ا,"rgb(33, 37, 41)","rgb(255, 255, 255)",15.43,PASS,PASS,16px,400,,
Brands,text,default,p,Your trusted source for genuine auto parts and acc,"rgb(156, 163, 175)","rgb(255, 255, 255)",2.54,FAIL,FAIL,14.4px,400,,
Brands,text,default,p,Subscribe to get updates on new catalogItems and offer,"rgb(156, 163, 175)","rgb(255, 255, 255)",2.54,FAIL,FAIL,14.4px,400,,
Brands,text,default,p,COPYRIGHT © 2024. All Rights Reserved By YEM,"rgb(156, 163, 175)","rgba(0, 0, 0, 0.2)",8.27,PASS,PASS,13.6px,400,,
Category: nissan,button,default,.btn,Clear Selection,"rgb(31, 41, 55)","rgb(255, 255, 255)",14.68,PASS,PASS,13px,400,,
Category: nissan,button,default,button:not([type=""hidden""]),العربية,"rgba(255, 255, 255, 0.9)","rgb(255, 255, 255)",1.00,FAIL,FAIL,13px,400,,
Category: nissan,button,default,button:not([type=""hidden""]),SAR
                            SAR,"rgba(255, 255, 255, 0.9)","rgb(255, 255, 255)",1.00,FAIL,FAIL,13px,400,,
Category: nissan,button,default,button:not([type=""hidden""]),الحساب,"rgb(17, 24, 39)","rgb(249, 250, 251)",16.98,PASS,PASS,16px,400,,
Category: nissan,button,default,button:not([type=""hidden""]),كل الفئات,"rgb(33, 37, 41)","rgb(255, 255, 255)",15.43,PASS,PASS,16px,400,,
Category: nissan,button,default,button:not([type=""hidden""]),Menu,"rgb(195, 0, 47)","rgb(255, 255, 255)",6.25,PASS,FAIL,11px,400,,
Category: nissan,button,default,button:not([type=""hidden""]),التصنيفات,"rgb(107, 114, 128)","rgb(255, 255, 255)",4.83,PASS,FAIL,11px,400,,
Category: nissan,button,default,button:not([type=""hidden""]),الحساب,"rgb(107, 114, 128)","rgb(255, 255, 255)",4.83,PASS,FAIL,11px,400,,
Category: nissan,button,default,button:not([type=""hidden""]),الصفحات,"rgb(17, 24, 39)","rgb(255, 255, 255)",17.74,PASS,PASS,16px,400,,
Category: nissan,button,default,button:not([type=""hidden""]),Show Products,"rgb(255, 255, 255)","rgb(195, 0, 47)",6.25,PASS,FAIL,15px,600,,
Category: nissan,button,default,button:not([type=""hidden""]),أضف إلى السلة,"rgb(255, 255, 255)","rgb(195, 0, 47)",6.25,PASS,FAIL,14px,600,,
Category: nissan,button,default,button:not([type=""hidden""]),أضف إلى السلة,"rgb(255, 255, 255)","rgb(195, 0, 47)",6.25,PASS,FAIL,14px,600,,
Category: nissan,button,default,button:not([type=""hidden""]),أضف إلى السلة,"rgb(255, 255, 255)","rgb(195, 0, 47)",6.25,PASS,FAIL,14px,600,,
Category: nissan,button,default,button:not([type=""hidden""]),أضف إلى السلة,"rgb(255, 255, 255)","rgb(195, 0, 47)",6.25,PASS,FAIL,14px,600,,
Category: nissan,button,default,button:not([type=""hidden""]),أضف إلى السلة,"rgb(255, 255, 255)","rgb(195, 0, 47)",6.25,PASS,FAIL,14px,600,,
Category: nissan,button,default,button:not([type=""hidden""]),أضف إلى السلة,"rgb(255, 255, 255)","rgb(195, 0, 47)",6.25,PASS,FAIL,14px,600,,
Category: nissan,button,default,button:not([type=""hidden""]),أضف إلى السلة,"rgb(255, 255, 255)","rgb(195, 0, 47)",6.25,PASS,FAIL,14px,600,,
Category: nissan,button,default,[type=""submit""],Search,"rgb(85, 85, 85)","rgb(255, 255, 255)",7.46,PASS,PASS,13px,400,,
Category: nissan,badge,default,.badge,نيسان,"rgb(255, 255, 255)","rgb(195, 0, 47)",6.25,PASS,FAIL,11px,500,,
Category: nissan,badge,default,.badge,K3H20VK000,"rgb(31, 3, 0)","rgb(249, 250, 251)",18.76,PASS,PASS,11px,400,,
Category: nissan,badge,default,.badge,نيسان,"rgb(255, 255, 255)","rgb(31, 41, 55)",14.68,PASS,PASS,11px,400,,
Category: nissan,badge,default,.badge,الاصلي,"rgb(31, 3, 0)","rgb(59, 130, 246)",5.33,PASS,FAIL,11px,400,,
Category: nissan,badge,default,.badge,N1,"rgb(255, 255, 255)","rgb(195, 0, 47)",6.25,PASS,FAIL,11px,400,,
Category: nissan,badge,default,.badge,3  متوفر,"rgb(31, 3, 0)","rgb(16, 185, 129)",7.73,PASS,PASS,11px,400,,
Category: nissan,badge,default,.badge,D8700ED100,"rgb(31, 3, 0)","rgb(249, 250, 251)",18.76,PASS,PASS,11px,400,,
Category: nissan,badge,default,.badge,نيسان,"rgb(255, 255, 255)","rgb(31, 41, 55)",14.68,PASS,PASS,11px,400,,
Category: nissan,badge,default,.badge,الاصلي,"rgb(31, 3, 0)","rgb(59, 130, 246)",5.33,PASS,FAIL,11px,400,,
Category: nissan,badge,default,.badge,N1,"rgb(255, 255, 255)","rgb(195, 0, 47)",6.25,PASS,FAIL,11px,400,,
Category: nissan,badge,default,.badge,2  متوفر,"rgb(31, 3, 0)","rgb(16, 185, 129)",7.73,PASS,PASS,11px,400,,
Category: nissan,badge,default,.badge,D85211HA0A,"rgb(31, 3, 0)","rgb(249, 250, 251)",18.76,PASS,PASS,11px,400,,
Category: nissan,badge,default,.badge,نيسان,"rgb(255, 255, 255)","rgb(31, 41, 55)",14.68,PASS,PASS,11px,400,,
Category: nissan,badge,default,.badge,الاصلي,"rgb(31, 3, 0)","rgb(59, 130, 246)",5.33,PASS,FAIL,11px,400,,
Category: nissan,badge,default,.badge,N1,"rgb(255, 255, 255)","rgb(195, 0, 47)",6.25,PASS,FAIL,11px,400,,
Category: nissan,badge,default,.badge,2  متوفر,"rgb(31, 3, 0)","rgb(16, 185, 129)",7.73,PASS,PASS,11px,400,,
Category: nissan,badge,default,.badge,D4060VB1X0,"rgb(31, 3, 0)","rgb(249, 250, 251)",18.76,PASS,PASS,11px,400,,
Category: nissan,badge,default,.badge,نيسان,"rgb(255, 255, 255)","rgb(31, 41, 55)",14.68,PASS,PASS,11px,400,,
Category: nissan,badge,default,.badge,الاصلي,"rgb(31, 3, 0)","rgb(59, 130, 246)",5.33,PASS,FAIL,11px,400,,
Category: nissan,badge,default,.badge,N1,"rgb(255, 255, 255)","rgb(195, 0, 47)",6.25,PASS,FAIL,11px,400,,
Category: nissan,link,default,a:not(.btn):not(.nav-link),0506552294,"rgb(195, 0, 47)","rgb(255, 255, 255)",6.25,PASS,FAIL,14px,400,,
Category: nissan,link,default,a:not(.btn):not(.nav-link),partstore.a@gmail.com,"rgb(195, 0, 47)","rgb(255, 255, 255)",6.25,PASS,FAIL,14px,400,,
Category: nissan,link,default,a:not(.btn):not(.nav-link),English,"rgb(195, 0, 47)","rgb(255, 255, 255)",6.25,PASS,FAIL,14px,400,,
Category: nissan,link,default,a:not(.btn):not(.nav-link),العربية,"rgb(195, 0, 47)","rgb(249, 250, 251)",5.98,PASS,FAIL,14px,400,,
Category: nissan,link,default,a:not(.btn):not(.nav-link),USD,"rgb(195, 0, 47)","rgb(255, 255, 255)",6.25,PASS,FAIL,14px,400,,
Category: nissan,link,default,a:not(.btn):not(.nav-link),SAR,"rgb(195, 0, 47)","rgb(249, 250, 251)",5.98,PASS,FAIL,14px,400,,
Category: nissan,link,default,a:not(.btn):not(.nav-link),Become Vendor,"rgb(195, 0, 47)","rgb(255, 255, 255)",6.25,PASS,FAIL,14px,400,,
Category: nissan,link,default,a:not(.btn):not(.nav-link),المندوب,"rgb(195, 0, 47)","rgb(255, 255, 255)",6.25,PASS,FAIL,14px,400,,
Category: nissan,link,default,a:not(.btn):not(.nav-link),تسجيل الدخول,"rgb(195, 0, 47)","rgb(255, 255, 255)",6.25,PASS,FAIL,16px,400,,
Category: nissan,label,default,label,الفئة,"rgb(17, 24, 39)","rgb(255, 255, 255)",17.74,PASS,PASS,13px,600,,
Category: nissan,label,default,label,Model,"rgb(17, 24, 39)","rgb(255, 255, 255)",17.74,PASS,PASS,13px,600,,
Category: nissan,label,default,label,Part Type,"rgb(17, 24, 39)","rgb(255, 255, 255)",17.74,PASS,PASS,13px,600,,
Category: nissan,label,default,label,الفئة,"rgb(51, 51, 51)","rgb(255, 255, 255)",12.63,PASS,PASS,13px,600,,
Category: nissan,label,default,label,Model,"rgb(51, 51, 51)","rgb(255, 255, 255)",12.63,PASS,PASS,13px,600,,
Category: nissan,heading,default,"h1, h2, h3, h4",المنتج,"rgb(255, 255, 255)","rgb(255, 255, 255)",1.00,FAIL,FAIL,48px,700,true,
Category: nissan,text,default,p,"Login or create an account to access your orders, ","rgb(107, 114, 128)","rgb(255, 255, 255)",4.83,PASS,FAIL,13px,400,,
Category: nissan,text,default,p,Your trusted source for genuine auto parts and acc,"rgb(156, 163, 175)","rgb(255, 255, 255)",2.54,FAIL,FAIL,14.4px,400,,
Category: nissan,text,default,p,Subscribe to get updates on new catalogItems and offer,"rgb(156, 163, 175)","rgb(255, 255, 255)",2.54,FAIL,FAIL,14.4px,400,,
Category: nissan,text,default,p,COPYRIGHT © 2024. All Rights Reserved By YEM,"rgb(156, 163, 175)","rgba(0, 0, 0, 0.2)",8.27,PASS,PASS,13.6px,400,,
Category: infiniti,button,default,.btn,Clear Selection,"rgb(31, 41, 55)","rgb(255, 255, 255)",14.68,PASS,PASS,13px,400,,
Category: infiniti,button,default,button:not([type=""hidden""]),العربية,"rgba(255, 255, 255, 0.9)","rgb(255, 255, 255)",1.00,FAIL,FAIL,13px,400,,
Category: infiniti,button,default,button:not([type=""hidden""]),SAR
                            SAR,"rgba(255, 255, 255, 0.9)","rgb(255, 255, 255)",1.00,FAIL,FAIL,13px,400,,
Category: infiniti,button,default,button:not([type=""hidden""]),الحساب,"rgb(17, 24, 39)","rgb(249, 250, 251)",16.98,PASS,PASS,16px,400,,
Category: infiniti,button,default,button:not([type=""hidden""]),كل الفئات,"rgb(33, 37, 41)","rgb(255, 255, 255)",15.43,PASS,PASS,16px,400,,
Category: infiniti,button,default,button:not([type=""hidden""]),Menu,"rgb(195, 0, 47)","rgb(255, 255, 255)",6.25,PASS,FAIL,11px,400,,
Category: infiniti,button,default,button:not([type=""hidden""]),التصنيفات,"rgb(107, 114, 128)","rgb(255, 255, 255)",4.83,PASS,FAIL,11px,400,,
Category: infiniti,button,default,button:not([type=""hidden""]),الحساب,"rgb(107, 114, 128)","rgb(255, 255, 255)",4.83,PASS,FAIL,11px,400,,
Category: infiniti,button,default,button:not([type=""hidden""]),الصفحات,"rgb(17, 24, 39)","rgb(255, 255, 255)",17.74,PASS,PASS,16px,400,,
Category: infiniti,button,default,button:not([type=""hidden""]),Show Products,"rgb(255, 255, 255)","rgb(195, 0, 47)",6.25,PASS,FAIL,15px,600,,
Category: infiniti,button,default,button:not([type=""hidden""]),أضف إلى السلة,"rgb(255, 255, 255)","rgb(195, 0, 47)",6.25,PASS,FAIL,14px,600,,
Category: infiniti,button,default,button:not([type=""hidden""]),أضف إلى السلة,"rgb(255, 255, 255)","rgb(195, 0, 47)",6.25,PASS,FAIL,14px,600,,
Category: infiniti,button,default,button:not([type=""hidden""]),أضف إلى السلة,"rgb(255, 255, 255)","rgb(195, 0, 47)",6.25,PASS,FAIL,14px,600,,
Category: infiniti,button,default,button:not([type=""hidden""]),أضف إلى السلة,"rgb(255, 255, 255)","rgb(195, 0, 47)",6.25,PASS,FAIL,14px,600,,
Category: infiniti,button,default,button:not([type=""hidden""]),أضف إلى السلة,"rgb(255, 255, 255)","rgb(195, 0, 47)",6.25,PASS,FAIL,14px,600,,
Category: infiniti,button,default,button:not([type=""hidden""]),أضف إلى السلة,"rgb(255, 255, 255)","rgb(195, 0, 47)",6.25,PASS,FAIL,14px,600,,
Category: infiniti,button,default,button:not([type=""hidden""]),أضف إلى السلة,"rgb(255, 255, 255)","rgb(195, 0, 47)",6.25,PASS,FAIL,14px,600,,
Category: infiniti,button,default,[type=""submit""],Search,"rgb(85, 85, 85)","rgb(255, 255, 255)",7.46,PASS,PASS,13px,400,,
Category: infiniti,badge,default,.badge,انفنتي,"rgb(255, 255, 255)","rgb(195, 0, 47)",6.25,PASS,FAIL,11px,500,,
Category: infiniti,badge,default,.badge,547200W002,"rgb(31, 3, 0)","rgb(249, 250, 251)",18.76,PASS,PASS,11px,400,,
Category: infiniti,badge,default,.badge,نيسان,"rgb(255, 255, 255)","rgb(31, 41, 55)",14.68,PASS,PASS,11px,400,,
Category: infiniti,badge,default,.badge,الاصلي,"rgb(31, 3, 0)","rgb(59, 130, 246)",5.33,PASS,FAIL,11px,400,,
Category: infiniti,badge,default,.badge,N1,"rgb(255, 255, 255)","rgb(195, 0, 47)",6.25,PASS,FAIL,11px,400,,
Category: infiniti,badge,default,.badge,2  متوفر,"rgb(31, 3, 0)","rgb(16, 185, 129)",7.73,PASS,PASS,11px,400,,
Category: infiniti,badge,default,.badge,4406037GX5,"rgb(31, 3, 0)","rgb(249, 250, 251)",18.76,PASS,PASS,11px,400,,
Category: infiniti,badge,default,.badge,نيسان,"rgb(255, 255, 255)","rgb(31, 41, 55)",14.68,PASS,PASS,11px,400,,
Category: infiniti,badge,default,.badge,الاصلي,"rgb(31, 3, 0)","rgb(59, 130, 246)",5.33,PASS,FAIL,11px,400,,
Category: infiniti,badge,default,.badge,N1,"rgb(255, 255, 255)","rgb(195, 0, 47)",6.25,PASS,FAIL,11px,400,,
Category: infiniti,badge,default,.badge,1  متوفر,"rgb(31, 3, 0)","rgb(16, 185, 129)",7.73,PASS,PASS,11px,400,,
Category: infiniti,badge,default,.badge,237314W000,"rgb(31, 3, 0)","rgb(249, 250, 251)",18.76,PASS,PASS,11px,400,,
Category: infiniti,badge,default,.badge,نيسان,"rgb(255, 255, 255)","rgb(31, 41, 55)",14.68,PASS,PASS,11px,400,,
Category: infiniti,badge,default,.badge,الاصلي,"rgb(31, 3, 0)","rgb(59, 130, 246)",5.33,PASS,FAIL,11px,400,,
Category: infiniti,badge,default,.badge,N1,"rgb(255, 255, 255)","rgb(195, 0, 47)",6.25,PASS,FAIL,11px,400,,
Category: infiniti,badge,default,.badge,1  متوفر,"rgb(31, 3, 0)","rgb(16, 185, 129)",7.73,PASS,PASS,11px,400,,
Category: infiniti,badge,default,.badge,237311KC0A,"rgb(31, 3, 0)","rgb(249, 250, 251)",18.76,PASS,PASS,11px,400,,
Category: infiniti,badge,default,.badge,انفنتي,"rgb(255, 255, 255)","rgb(31, 41, 55)",14.68,PASS,PASS,11px,400,,
Category: infiniti,badge,default,.badge,الاصلي,"rgb(31, 3, 0)","rgb(59, 130, 246)",5.33,PASS,FAIL,11px,400,,
Category: infiniti,badge,default,.badge,N1,"rgb(255, 255, 255)","rgb(195, 0, 47)",6.25,PASS,FAIL,11px,400,,
Category: infiniti,link,default,a:not(.btn):not(.nav-link),0506552294,"rgb(195, 0, 47)","rgb(255, 255, 255)",6.25,PASS,FAIL,14px,400,,
Category: infiniti,link,default,a:not(.btn):not(.nav-link),partstore.a@gmail.com,"rgb(195, 0, 47)","rgb(255, 255, 255)",6.25,PASS,FAIL,14px,400,,
Category: infiniti,link,default,a:not(.btn):not(.nav-link),English,"rgb(195, 0, 47)","rgb(255, 255, 255)",6.25,PASS,FAIL,14px,400,,
Category: infiniti,link,default,a:not(.btn):not(.nav-link),العربية,"rgb(195, 0, 47)","rgb(249, 250, 251)",5.98,PASS,FAIL,14px,400,,
Category: infiniti,link,default,a:not(.btn):not(.nav-link),USD,"rgb(195, 0, 47)","rgb(255, 255, 255)",6.25,PASS,FAIL,14px,400,,
Category: infiniti,link,default,a:not(.btn):not(.nav-link),SAR,"rgb(195, 0, 47)","rgb(249, 250, 251)",5.98,PASS,FAIL,14px,400,,
Category: infiniti,link,default,a:not(.btn):not(.nav-link),Become Vendor,"rgb(195, 0, 47)","rgb(255, 255, 255)",6.25,PASS,FAIL,14px,400,,
Category: infiniti,link,default,a:not(.btn):not(.nav-link),المندوب,"rgb(195, 0, 47)","rgb(255, 255, 255)",6.25,PASS,FAIL,14px,400,,
Category: infiniti,link,default,a:not(.btn):not(.nav-link),تسجيل الدخول,"rgb(195, 0, 47)","rgb(255, 255, 255)",6.25,PASS,FAIL,16px,400,,
Category: infiniti,label,default,label,الفئة,"rgb(17, 24, 39)","rgb(255, 255, 255)",17.74,PASS,PASS,13px,600,,
Category: infiniti,label,default,label,Model,"rgb(17, 24, 39)","rgb(255, 255, 255)",17.74,PASS,PASS,13px,600,,
Category: infiniti,label,default,label,Part Type,"rgb(17, 24, 39)","rgb(255, 255, 255)",17.74,PASS,PASS,13px,600,,
Category: infiniti,label,default,label,الفئة,"rgb(51, 51, 51)","rgb(255, 255, 255)",12.63,PASS,PASS,13px,600,,
Category: infiniti,label,default,label,Model,"rgb(51, 51, 51)","rgb(255, 255, 255)",12.63,PASS,PASS,13px,600,,
Category: infiniti,heading,default,"h1, h2, h3, h4",المنتج,"rgb(255, 255, 255)","rgb(255, 255, 255)",1.00,FAIL,FAIL,48px,700,true,
Category: infiniti,text,default,p,"Login or create an account to access your orders, ","rgb(107, 114, 128)","rgb(255, 255, 255)",4.83,PASS,FAIL,13px,400,,
Category: infiniti,text,default,p,Your trusted source for genuine auto parts and acc,"rgb(156, 163, 175)","rgb(255, 255, 255)",2.54,FAIL,FAIL,14.4px,400,,
Category: infiniti,text,default,p,Subscribe to get updates on new catalogItems and offer,"rgb(156, 163, 175)","rgb(255, 255, 255)",2.54,FAIL,FAIL,14.4px,400,,
Category: infiniti,text,default,p,COPYRIGHT © 2024. All Rights Reserved By YEM,"rgb(156, 163, 175)","rgba(0, 0, 0, 0.2)",8.27,PASS,PASS,13.6px,400,,
Subcategory: safari-patrol-1997,button,default,.btn,Return to home,"rgb(255, 255, 255)","rgb(31, 41, 55)",14.68,PASS,PASS,14px,400,,
Subcategory: safari-patrol-1997,button,default,button:not([type=""hidden""]),العربية,"rgba(255, 255, 255, 0.9)","rgb(255, 255, 255)",1.00,FAIL,FAIL,13px,400,,
Subcategory: safari-patrol-1997,button,default,button:not([type=""hidden""]),SAR
                            SAR,"rgba(255, 255, 255, 0.9)","rgb(255, 255, 255)",1.00,FAIL,FAIL,13px,400,,
Subcategory: safari-patrol-1997,button,default,button:not([type=""hidden""]),Account,"rgb(17, 24, 39)","rgb(249, 250, 251)",16.98,PASS,PASS,16px,400,,
Subcategory: safari-patrol-1997,button,default,button:not([type=""hidden""]),All Categories,"rgb(33, 37, 41)","rgb(255, 255, 255)",15.43,PASS,PASS,16px,400,,
Subcategory: safari-patrol-1997,button,default,button:not([type=""hidden""]),Menu,"rgb(195, 0, 47)","rgb(255, 255, 255)",6.25,PASS,FAIL,11px,400,,
Subcategory: safari-patrol-1997,button,default,button:not([type=""hidden""]),Categories,"rgb(107, 114, 128)","rgb(255, 255, 255)",4.83,PASS,FAIL,11px,400,,
Subcategory: safari-patrol-1997,button,default,button:not([type=""hidden""]),Account,"rgb(107, 114, 128)","rgb(255, 255, 255)",4.83,PASS,FAIL,11px,400,,
Subcategory: safari-patrol-1997,button,default,button:not([type=""hidden""]),Pages,"rgb(17, 24, 39)","rgb(255, 255, 255)",17.74,PASS,PASS,16px,400,,
Subcategory: safari-patrol-1997,button,default,button:not([type=""hidden""]),Show Products,"rgb(255, 255, 255)","rgb(195, 0, 47)",6.25,PASS,FAIL,15px,600,,
Subcategory: safari-patrol-1997,button,default,button:not([type=""hidden""]),Reset settings,"rgb(85, 85, 85)","rgb(255, 255, 255)",7.46,PASS,PASS,13px,400,,
Subcategory: safari-patrol-1997,button,default,button:not([type=""hidden""]),Search,"rgb(85, 85, 85)","rgb(255, 255, 255)",7.46,PASS,PASS,13px,400,,
Subcategory: safari-patrol-1997,button,default,[type=""submit""],Search,"rgb(85, 85, 85)","rgb(255, 255, 255)",7.46,PASS,PASS,13px,400,,
Subcategory: safari-patrol-1997,link,default,a:not(.btn):not(.nav-link),0506552294,"rgb(195, 0, 47)","rgb(255, 255, 255)",6.25,PASS,FAIL,14px,400,,
Subcategory: safari-patrol-1997,link,default,a:not(.btn):not(.nav-link),partstore.a@gmail.com,"rgb(195, 0, 47)","rgb(255, 255, 255)",6.25,PASS,FAIL,14px,400,,
Subcategory: safari-patrol-1997,link,default,a:not(.btn):not(.nav-link),English,"rgb(195, 0, 47)","rgb(255, 255, 255)",6.25,PASS,FAIL,14px,400,,
Subcategory: safari-patrol-1997,link,default,a:not(.btn):not(.nav-link),العربية,"rgb(195, 0, 47)","rgb(249, 250, 251)",5.98,PASS,FAIL,14px,400,,
Subcategory: safari-patrol-1997,link,default,a:not(.btn):not(.nav-link),USD,"rgb(195, 0, 47)","rgb(255, 255, 255)",6.25,PASS,FAIL,14px,400,,
Subcategory: safari-patrol-1997,link,default,a:not(.btn):not(.nav-link),SAR,"rgb(195, 0, 47)","rgb(249, 250, 251)",5.98,PASS,FAIL,14px,400,,
Subcategory: safari-patrol-1997,link,default,a:not(.btn):not(.nav-link),Become Vendor,"rgb(195, 0, 47)","rgb(255, 255, 255)",6.25,PASS,FAIL,14px,400,,
Subcategory: safari-patrol-1997,link,default,a:not(.btn):not(.nav-link),Rider,"rgb(195, 0, 47)","rgb(255, 255, 255)",6.25,PASS,FAIL,14px,400,,
Subcategory: safari-patrol-1997,link,default,a:not(.btn):not(.nav-link),Login,"rgb(195, 0, 47)","rgb(255, 255, 255)",6.25,PASS,FAIL,16px,400,,
Subcategory: safari-patrol-1997,label,default,label,Category,"rgb(17, 24, 39)","rgb(255, 255, 255)",17.74,PASS,PASS,13px,600,,
Subcategory: safari-patrol-1997,label,default,label,Model,"rgb(17, 24, 39)","rgb(255, 255, 255)",17.74,PASS,PASS,13px,600,,
Subcategory: safari-patrol-1997,label,default,label,Part Type,"rgb(17, 24, 39)","rgb(255, 255, 255)",17.74,PASS,PASS,13px,600,,
Subcategory: safari-patrol-1997,label,default,label,Hide empty tabs until they have data,"rgb(17, 24, 39)","rgb(255, 255, 255)",17.74,PASS,PASS,14px,400,,
Subcategory: safari-patrol-1997,label,default,label,Automatically show new incoming Ajax requests,"rgb(17, 24, 39)","rgb(255, 255, 255)",17.74,PASS,PASS,14px,400,,
Subcategory: safari-patrol-1997,heading,default,"h1, h2, h3, h4",Error Page,"rgb(55, 65, 81)","rgb(249, 250, 251)",9.86,PASS,PASS,40px,600,true,
Subcategory: safari-patrol-1997,heading,default,"h1, h2, h3, h4",404 Page not found,"rgb(33, 37, 41)","rgb(255, 255, 255)",15.43,PASS,PASS,48px,700,true,
Subcategory: safari-patrol-1997,text,default,p,"Login or create an account to access your orders, ","rgb(107, 114, 128)","rgb(255, 255, 255)",4.83,PASS,FAIL,13px,400,,
Subcategory: safari-patrol-1997,text,default,p,The page you are looking for dosen’t exist or anot,"rgb(33, 37, 41)","rgb(255, 255, 255)",15.43,PASS,PASS,16px,400,,
Subcategory: safari-patrol-1997,text,default,p,Your trusted source for genuine auto parts and acc,"rgb(156, 163, 175)","rgb(255, 255, 255)",2.54,FAIL,FAIL,14.4px,400,,
Subcategory: safari-patrol-1997,text,default,p,Subscribe to get updates on new catalogItems and offer,"rgb(156, 163, 175)","rgb(255, 255, 255)",2.54,FAIL,FAIL,14.4px,400,,
Subcategory: safari-patrol-1997,text,default,p,COPYRIGHT © 2024. All Rights Reserved By YEM,"rgb(156, 163, 175)","rgba(0, 0, 0, 0.2)",8.27,PASS,PASS,13.6px,400,,
Subcategory: patrol-2010,button,default,.btn,Return to home,"rgb(255, 255, 255)","rgb(31, 41, 55)",14.68,PASS,PASS,14px,400,,
Subcategory: patrol-2010,button,default,button:not([type=""hidden""]),العربية,"rgba(255, 255, 255, 0.9)","rgb(255, 255, 255)",1.00,FAIL,FAIL,13px,400,,
Subcategory: patrol-2010,button,default,button:not([type=""hidden""]),SAR
                            SAR,"rgba(255, 255, 255, 0.9)","rgb(255, 255, 255)",1.00,FAIL,FAIL,13px,400,,
Subcategory: patrol-2010,button,default,button:not([type=""hidden""]),Account,"rgb(17, 24, 39)","rgb(249, 250, 251)",16.98,PASS,PASS,16px,400,,
Subcategory: patrol-2010,button,default,button:not([type=""hidden""]),All Categories,"rgb(33, 37, 41)","rgb(255, 255, 255)",15.43,PASS,PASS,16px,400,,
Subcategory: patrol-2010,button,default,button:not([type=""hidden""]),Menu,"rgb(195, 0, 47)","rgb(255, 255, 255)",6.25,PASS,FAIL,11px,400,,
Subcategory: patrol-2010,button,default,button:not([type=""hidden""]),Categories,"rgb(107, 114, 128)","rgb(255, 255, 255)",4.83,PASS,FAIL,11px,400,,
Subcategory: patrol-2010,button,default,button:not([type=""hidden""]),Account,"rgb(107, 114, 128)","rgb(255, 255, 255)",4.83,PASS,FAIL,11px,400,,
Subcategory: patrol-2010,button,default,button:not([type=""hidden""]),Pages,"rgb(17, 24, 39)","rgb(255, 255, 255)",17.74,PASS,PASS,16px,400,,
Subcategory: patrol-2010,button,default,button:not([type=""hidden""]),Show Products,"rgb(255, 255, 255)","rgb(195, 0, 47)",6.25,PASS,FAIL,15px,600,,
Subcategory: patrol-2010,button,default,button:not([type=""hidden""]),Reset settings,"rgb(85, 85, 85)","rgb(255, 255, 255)",7.46,PASS,PASS,13px,400,,
Subcategory: patrol-2010,button,default,button:not([type=""hidden""]),Search,"rgb(85, 85, 85)","rgb(255, 255, 255)",7.46,PASS,PASS,13px,400,,
Subcategory: patrol-2010,button,default,[type=""submit""],Search,"rgb(85, 85, 85)","rgb(255, 255, 255)",7.46,PASS,PASS,13px,400,,
Subcategory: patrol-2010,link,default,a:not(.btn):not(.nav-link),0506552294,"rgb(195, 0, 47)","rgb(255, 255, 255)",6.25,PASS,FAIL,14px,400,,
Subcategory: patrol-2010,link,default,a:not(.btn):not(.nav-link),partstore.a@gmail.com,"rgb(195, 0, 47)","rgb(255, 255, 255)",6.25,PASS,FAIL,14px,400,,
Subcategory: patrol-2010,link,default,a:not(.btn):not(.nav-link),English,"rgb(195, 0, 47)","rgb(255, 255, 255)",6.25,PASS,FAIL,14px,400,,
Subcategory: patrol-2010,link,default,a:not(.btn):not(.nav-link),العربية,"rgb(195, 0, 47)","rgb(249, 250, 251)",5.98,PASS,FAIL,14px,400,,
Subcategory: patrol-2010,link,default,a:not(.btn):not(.nav-link),USD,"rgb(195, 0, 47)","rgb(255, 255, 255)",6.25,PASS,FAIL,14px,400,,
Subcategory: patrol-2010,link,default,a:not(.btn):not(.nav-link),SAR,"rgb(195, 0, 47)","rgb(249, 250, 251)",5.98,PASS,FAIL,14px,400,,
Subcategory: patrol-2010,link,default,a:not(.btn):not(.nav-link),Become Vendor,"rgb(195, 0, 47)","rgb(255, 255, 255)",6.25,PASS,FAIL,14px,400,,
Subcategory: patrol-2010,link,default,a:not(.btn):not(.nav-link),Rider,"rgb(195, 0, 47)","rgb(255, 255, 255)",6.25,PASS,FAIL,14px,400,,
Subcategory: patrol-2010,link,default,a:not(.btn):not(.nav-link),Login,"rgb(195, 0, 47)","rgb(255, 255, 255)",6.25,PASS,FAIL,16px,400,,
Subcategory: patrol-2010,label,default,label,Category,"rgb(17, 24, 39)","rgb(255, 255, 255)",17.74,PASS,PASS,13px,600,,
Subcategory: patrol-2010,label,default,label,Model,"rgb(17, 24, 39)","rgb(255, 255, 255)",17.74,PASS,PASS,13px,600,,
Subcategory: patrol-2010,label,default,label,Part Type,"rgb(17, 24, 39)","rgb(255, 255, 255)",17.74,PASS,PASS,13px,600,,
Subcategory: patrol-2010,label,default,label,Hide empty tabs until they have data,"rgb(17, 24, 39)","rgb(255, 255, 255)",17.74,PASS,PASS,14px,400,,
Subcategory: patrol-2010,label,default,label,Automatically show new incoming Ajax requests,"rgb(17, 24, 39)","rgb(255, 255, 255)",17.74,PASS,PASS,14px,400,,
Subcategory: patrol-2010,heading,default,"h1, h2, h3, h4",Error Page,"rgb(55, 65, 81)","rgb(249, 250, 251)",9.86,PASS,PASS,40px,600,true,
Subcategory: patrol-2010,heading,default,"h1, h2, h3, h4",404 Page not found,"rgb(33, 37, 41)","rgb(255, 255, 255)",15.43,PASS,PASS,48px,700,true,
Subcategory: patrol-2010,text,default,p,"Login or create an account to access your orders, ","rgb(107, 114, 128)","rgb(255, 255, 255)",4.83,PASS,FAIL,13px,400,,
Subcategory: patrol-2010,text,default,p,The page you are looking for dosen’t exist or anot,"rgb(33, 37, 41)","rgb(255, 255, 255)",15.43,PASS,PASS,16px,400,,
Subcategory: patrol-2010,text,default,p,Your trusted source for genuine auto parts and acc,"rgb(156, 163, 175)","rgb(255, 255, 255)",2.54,FAIL,FAIL,14.4px,400,,
Subcategory: patrol-2010,text,default,p,Subscribe to get updates on new catalogItems and offer,"rgb(156, 163, 175)","rgb(255, 255, 255)",2.54,FAIL,FAIL,14.4px,400,,
Subcategory: patrol-2010,text,default,p,COPYRIGHT © 2024. All Rights Reserved By YEM,"rgb(156, 163, 175)","rgba(0, 0, 0, 0.2)",8.27,PASS,PASS,13.6px,400,,
Brand: 1,button,default,.btn,Return to home,"rgb(255, 255, 255)","rgb(31, 41, 55)",14.68,PASS,PASS,14px,400,,
Brand: 1,button,default,button:not([type=""hidden""]),العربية,"rgba(255, 255, 255, 0.9)","rgb(255, 255, 255)",1.00,FAIL,FAIL,13px,400,,
Brand: 1,button,default,button:not([type=""hidden""]),SAR
                            SAR,"rgba(255, 255, 255, 0.9)","rgb(255, 255, 255)",1.00,FAIL,FAIL,13px,400,,
Brand: 1,button,default,button:not([type=""hidden""]),Account,"rgb(17, 24, 39)","rgb(249, 250, 251)",16.98,PASS,PASS,16px,400,,
Brand: 1,button,default,button:not([type=""hidden""]),All Categories,"rgb(33, 37, 41)","rgb(255, 255, 255)",15.43,PASS,PASS,16px,400,,
Brand: 1,button,default,button:not([type=""hidden""]),Menu,"rgb(195, 0, 47)","rgb(255, 255, 255)",6.25,PASS,FAIL,11px,400,,
Brand: 1,button,default,button:not([type=""hidden""]),Categories,"rgb(107, 114, 128)","rgb(255, 255, 255)",4.83,PASS,FAIL,11px,400,,
Brand: 1,button,default,button:not([type=""hidden""]),Account,"rgb(107, 114, 128)","rgb(255, 255, 255)",4.83,PASS,FAIL,11px,400,,
Brand: 1,button,default,button:not([type=""hidden""]),Pages,"rgb(17, 24, 39)","rgb(255, 255, 255)",17.74,PASS,PASS,16px,400,,
Brand: 1,button,default,button:not([type=""hidden""]),Show Products,"rgb(255, 255, 255)","rgb(195, 0, 47)",6.25,PASS,FAIL,15px,600,,
Brand: 1,button,default,button:not([type=""hidden""]),Reset settings,"rgb(85, 85, 85)","rgb(255, 255, 255)",7.46,PASS,PASS,13px,400,,
Brand: 1,button,default,button:not([type=""hidden""]),Search,"rgb(85, 85, 85)","rgb(255, 255, 255)",7.46,PASS,PASS,13px,400,,
Brand: 1,button,default,[type=""submit""],Search,"rgb(85, 85, 85)","rgb(255, 255, 255)",7.46,PASS,PASS,13px,400,,
Brand: 1,link,default,a:not(.btn):not(.nav-link),0506552294,"rgb(195, 0, 47)","rgb(255, 255, 255)",6.25,PASS,FAIL,14px,400,,
Brand: 1,link,default,a:not(.btn):not(.nav-link),partstore.a@gmail.com,"rgb(195, 0, 47)","rgb(255, 255, 255)",6.25,PASS,FAIL,14px,400,,
Brand: 1,link,default,a:not(.btn):not(.nav-link),English,"rgb(195, 0, 47)","rgb(255, 255, 255)",6.25,PASS,FAIL,14px,400,,
Brand: 1,link,default,a:not(.btn):not(.nav-link),العربية,"rgb(195, 0, 47)","rgb(249, 250, 251)",5.98,PASS,FAIL,14px,400,,
Brand: 1,link,default,a:not(.btn):not(.nav-link),USD,"rgb(195, 0, 47)","rgb(255, 255, 255)",6.25,PASS,FAIL,14px,400,,
Brand: 1,link,default,a:not(.btn):not(.nav-link),SAR,"rgb(195, 0, 47)","rgb(249, 250, 251)",5.98,PASS,FAIL,14px,400,,
Brand: 1,link,default,a:not(.btn):not(.nav-link),Become Vendor,"rgb(195, 0, 47)","rgb(255, 255, 255)",6.25,PASS,FAIL,14px,400,,
Brand: 1,link,default,a:not(.btn):not(.nav-link),Rider,"rgb(195, 0, 47)","rgb(255, 255, 255)",6.25,PASS,FAIL,14px,400,,
Brand: 1,link,default,a:not(.btn):not(.nav-link),Login,"rgb(195, 0, 47)","rgb(255, 255, 255)",6.25,PASS,FAIL,16px,400,,
Brand: 1,label,default,label,Category,"rgb(17, 24, 39)","rgb(255, 255, 255)",17.74,PASS,PASS,13px,600,,
Brand: 1,label,default,label,Model,"rgb(17, 24, 39)","rgb(255, 255, 255)",17.74,PASS,PASS,13px,600,,
Brand: 1,label,default,label,Part Type,"rgb(17, 24, 39)","rgb(255, 255, 255)",17.74,PASS,PASS,13px,600,,
Brand: 1,label,default,label,Hide empty tabs until they have data,"rgb(17, 24, 39)","rgb(255, 255, 255)",17.74,PASS,PASS,14px,400,,
Brand: 1,label,default,label,Automatically show new incoming Ajax requests,"rgb(17, 24, 39)","rgb(255, 255, 255)",17.74,PASS,PASS,14px,400,,
Brand: 1,heading,default,"h1, h2, h3, h4",Error Page,"rgb(55, 65, 81)","rgb(249, 250, 251)",9.86,PASS,PASS,40px,600,true,
Brand: 1,heading,default,"h1, h2, h3, h4",404 Page not found,"rgb(33, 37, 41)","rgb(255, 255, 255)",15.43,PASS,PASS,48px,700,true,
Brand: 1,text,default,p,"Login or create an account to access your orders, ","rgb(107, 114, 128)","rgb(255, 255, 255)",4.83,PASS,FAIL,13px,400,,
Brand: 1,text,default,p,The page you are looking for dosen’t exist or anot,"rgb(33, 37, 41)","rgb(255, 255, 255)",15.43,PASS,PASS,16px,400,,
Brand: 1,text,default,p,Your trusted source for genuine auto parts and acc,"rgb(156, 163, 175)","rgb(255, 255, 255)",2.54,FAIL,FAIL,14.4px,400,,
Brand: 1,text,default,p,Subscribe to get updates on new catalogItems and offer,"rgb(156, 163, 175)","rgb(255, 255, 255)",2.54,FAIL,FAIL,14.4px,400,,
Brand: 1,text,default,p,COPYRIGHT © 2024. All Rights Reserved By YEM,"rgb(156, 163, 175)","rgba(0, 0, 0, 0.2)",8.27,PASS,PASS,13.6px,400,,
Brand: 2,button,default,.btn,Return to home,"rgb(255, 255, 255)","rgb(31, 41, 55)",14.68,PASS,PASS,14px,400,,
Brand: 2,button,default,button:not([type=""hidden""]),العربية,"rgba(255, 255, 255, 0.9)","rgb(255, 255, 255)",1.00,FAIL,FAIL,13px,400,,
Brand: 2,button,default,button:not([type=""hidden""]),SAR
                            SAR,"rgba(255, 255, 255, 0.9)","rgb(255, 255, 255)",1.00,FAIL,FAIL,13px,400,,
Brand: 2,button,default,button:not([type=""hidden""]),Account,"rgb(17, 24, 39)","rgb(249, 250, 251)",16.98,PASS,PASS,16px,400,,
Brand: 2,button,default,button:not([type=""hidden""]),All Categories,"rgb(33, 37, 41)","rgb(255, 255, 255)",15.43,PASS,PASS,16px,400,,
Brand: 2,button,default,button:not([type=""hidden""]),Menu,"rgb(195, 0, 47)","rgb(255, 255, 255)",6.25,PASS,FAIL,11px,400,,
Brand: 2,button,default,button:not([type=""hidden""]),Categories,"rgb(107, 114, 128)","rgb(255, 255, 255)",4.83,PASS,FAIL,11px,400,,
Brand: 2,button,default,button:not([type=""hidden""]),Account,"rgb(107, 114, 128)","rgb(255, 255, 255)",4.83,PASS,FAIL,11px,400,,
Brand: 2,button,default,button:not([type=""hidden""]),Pages,"rgb(17, 24, 39)","rgb(255, 255, 255)",17.74,PASS,PASS,16px,400,,
Brand: 2,button,default,button:not([type=""hidden""]),Show Products,"rgb(255, 255, 255)","rgb(195, 0, 47)",6.25,PASS,FAIL,15px,600,,
Brand: 2,button,default,button:not([type=""hidden""]),Reset settings,"rgb(85, 85, 85)","rgb(255, 255, 255)",7.46,PASS,PASS,13px,400,,
Brand: 2,button,default,button:not([type=""hidden""]),Search,"rgb(85, 85, 85)","rgb(255, 255, 255)",7.46,PASS,PASS,13px,400,,
Brand: 2,button,default,[type=""submit""],Search,"rgb(85, 85, 85)","rgb(255, 255, 255)",7.46,PASS,PASS,13px,400,,
Brand: 2,link,default,a:not(.btn):not(.nav-link),0506552294,"rgb(195, 0, 47)","rgb(255, 255, 255)",6.25,PASS,FAIL,14px,400,,
Brand: 2,link,default,a:not(.btn):not(.nav-link),partstore.a@gmail.com,"rgb(195, 0, 47)","rgb(255, 255, 255)",6.25,PASS,FAIL,14px,400,,
Brand: 2,link,default,a:not(.btn):not(.nav-link),English,"rgb(195, 0, 47)","rgb(255, 255, 255)",6.25,PASS,FAIL,14px,400,,
Brand: 2,link,default,a:not(.btn):not(.nav-link),العربية,"rgb(195, 0, 47)","rgb(249, 250, 251)",5.98,PASS,FAIL,14px,400,,
Brand: 2,link,default,a:not(.btn):not(.nav-link),USD,"rgb(195, 0, 47)","rgb(255, 255, 255)",6.25,PASS,FAIL,14px,400,,
Brand: 2,link,default,a:not(.btn):not(.nav-link),SAR,"rgb(195, 0, 47)","rgb(249, 250, 251)",5.98,PASS,FAIL,14px,400,,
Brand: 2,link,default,a:not(.btn):not(.nav-link),Become Vendor,"rgb(195, 0, 47)","rgb(255, 255, 255)",6.25,PASS,FAIL,14px,400,,
Brand: 2,link,default,a:not(.btn):not(.nav-link),Rider,"rgb(195, 0, 47)","rgb(255, 255, 255)",6.25,PASS,FAIL,14px,400,,
Brand: 2,link,default,a:not(.btn):not(.nav-link),Login,"rgb(195, 0, 47)","rgb(255, 255, 255)",6.25,PASS,FAIL,16px,400,,
Brand: 2,label,default,label,Category,"rgb(17, 24, 39)","rgb(255, 255, 255)",17.74,PASS,PASS,13px,600,,
Brand: 2,label,default,label,Model,"rgb(17, 24, 39)","rgb(255, 255, 255)",17.74,PASS,PASS,13px,600,,
Brand: 2,label,default,label,Part Type,"rgb(17, 24, 39)","rgb(255, 255, 255)",17.74,PASS,PASS,13px,600,,
Brand: 2,label,default,label,Hide empty tabs until they have data,"rgb(17, 24, 39)","rgb(255, 255, 255)",17.74,PASS,PASS,14px,400,,
Brand: 2,label,default,label,Automatically show new incoming Ajax requests,"rgb(17, 24, 39)","rgb(255, 255, 255)",17.74,PASS,PASS,14px,400,,
Brand: 2,heading,default,"h1, h2, h3, h4",Error Page,"rgb(55, 65, 81)","rgb(249, 250, 251)",9.86,PASS,PASS,40px,600,true,
Brand: 2,heading,default,"h1, h2, h3, h4",404 Page not found,"rgb(33, 37, 41)","rgb(255, 255, 255)",15.43,PASS,PASS,48px,700,true,
Brand: 2,text,default,p,"Login or create an account to access your orders, ","rgb(107, 114, 128)","rgb(255, 255, 255)",4.83,PASS,FAIL,13px,400,,
Brand: 2,text,default,p,The page you are looking for dosen’t exist or anot,"rgb(33, 37, 41)","rgb(255, 255, 255)",15.43,PASS,PASS,16px,400,,
Brand: 2,text,default,p,Your trusted source for genuine auto parts and acc,"rgb(156, 163, 175)","rgb(255, 255, 255)",2.54,FAIL,FAIL,14.4px,400,,
Brand: 2,text,default,p,Subscribe to get updates on new catalogItems and offer,"rgb(156, 163, 175)","rgb(255, 255, 255)",2.54,FAIL,FAIL,14.4px,400,,
Brand: 2,text,default,p,COPYRIGHT © 2024. All Rights Reserved By YEM,"rgb(156, 163, 175)","rgba(0, 0, 0, 0.2)",8.27,PASS,PASS,13.6px,400,,
Blog: find-your-perfect-nissanwdPk,button,default,button:not([type=""hidden""]),العربية,"rgba(255, 255, 255, 0.9)","rgb(255, 255, 255)",1.00,FAIL,FAIL,13px,400,,
Blog: find-your-perfect-nissanwdPk,button,default,button:not([type=""hidden""]),SAR
                            SAR,"rgba(255, 255, 255, 0.9)","rgb(255, 255, 255)",1.00,FAIL,FAIL,13px,400,,
Blog: find-your-perfect-nissanwdPk,button,default,button:not([type=""hidden""]),الحساب,"rgb(17, 24, 39)","rgb(249, 250, 251)",16.98,PASS,PASS,16px,400,,
Blog: find-your-perfect-nissanwdPk,button,default,button:not([type=""hidden""]),كل الفئات,"rgb(33, 37, 41)","rgb(255, 255, 255)",15.43,PASS,PASS,16px,400,,
Blog: find-your-perfect-nissanwdPk,button,default,button:not([type=""hidden""]),Menu,"rgb(195, 0, 47)","rgb(255, 255, 255)",6.25,PASS,FAIL,11px,400,,
Blog: find-your-perfect-nissanwdPk,button,default,button:not([type=""hidden""]),التصنيفات,"rgb(107, 114, 128)","rgb(255, 255, 255)",4.83,PASS,FAIL,11px,400,,
Blog: find-your-perfect-nissanwdPk,button,default,button:not([type=""hidden""]),الحساب,"rgb(107, 114, 128)","rgb(255, 255, 255)",4.83,PASS,FAIL,11px,400,,
Blog: find-your-perfect-nissanwdPk,button,default,button:not([type=""hidden""]),الصفحات,"rgb(17, 24, 39)","rgb(255, 255, 255)",17.74,PASS,PASS,16px,400,,
Blog: find-your-perfect-nissanwdPk,button,default,button:not([type=""hidden""]),Show Products,"rgb(255, 255, 255)","rgb(195, 0, 47)",6.25,PASS,FAIL,15px,600,,
Blog: find-your-perfect-nissanwdPk,button,default,button:not([type=""hidden""]),Reset settings,"rgb(85, 85, 85)","rgb(255, 255, 255)",7.46,PASS,PASS,13px,400,,
Blog: find-your-perfect-nissanwdPk,button,default,button:not([type=""hidden""]),Search,"rgb(85, 85, 85)","rgb(255, 255, 255)",7.46,PASS,PASS,13px,400,,
Blog: find-your-perfect-nissanwdPk,button,default,[type=""submit""],Search,"rgb(85, 85, 85)","rgb(255, 255, 255)",7.46,PASS,PASS,13px,400,,
Blog: find-your-perfect-nissanwdPk,link,default,a:not(.btn):not(.nav-link),0506552294,"rgb(195, 0, 47)","rgb(255, 255, 255)",6.25,PASS,FAIL,14px,400,,
Blog: find-your-perfect-nissanwdPk,link,default,a:not(.btn):not(.nav-link),partstore.a@gmail.com,"rgb(195, 0, 47)","rgb(255, 255, 255)",6.25,PASS,FAIL,14px,400,,
Blog: find-your-perfect-nissanwdPk,link,default,a:not(.btn):not(.nav-link),English,"rgb(195, 0, 47)","rgb(255, 255, 255)",6.25,PASS,FAIL,14px,400,,
Blog: find-your-perfect-nissanwdPk,link,default,a:not(.btn):not(.nav-link),العربية,"rgb(195, 0, 47)","rgb(249, 250, 251)",5.98,PASS,FAIL,14px,400,,
Blog: find-your-perfect-nissanwdPk,link,default,a:not(.btn):not(.nav-link),USD,"rgb(195, 0, 47)","rgb(255, 255, 255)",6.25,PASS,FAIL,14px,400,,
Blog: find-your-perfect-nissanwdPk,link,default,a:not(.btn):not(.nav-link),SAR,"rgb(195, 0, 47)","rgb(249, 250, 251)",5.98,PASS,FAIL,14px,400,,
Blog: find-your-perfect-nissanwdPk,link,default,a:not(.btn):not(.nav-link),Become Vendor,"rgb(195, 0, 47)","rgb(255, 255, 255)",6.25,PASS,FAIL,14px,400,,
Blog: find-your-perfect-nissanwdPk,link,default,a:not(.btn):not(.nav-link),المندوب,"rgb(195, 0, 47)","rgb(255, 255, 255)",6.25,PASS,FAIL,14px,400,,
Blog: find-your-perfect-nissanwdPk,link,default,a:not(.btn):not(.nav-link),تسجيل الدخول,"rgb(195, 0, 47)","rgb(255, 255, 255)",6.25,PASS,FAIL,16px,400,,
Blog: find-your-perfect-nissanwdPk,label,default,label,الفئة,"rgb(17, 24, 39)","rgb(255, 255, 255)",17.74,PASS,PASS,13px,600,,
Blog: find-your-perfect-nissanwdPk,label,default,label,Model,"rgb(17, 24, 39)","rgb(255, 255, 255)",17.74,PASS,PASS,13px,600,,
Blog: find-your-perfect-nissanwdPk,label,default,label,Part Type,"rgb(17, 24, 39)","rgb(255, 255, 255)",17.74,PASS,PASS,13px,600,,
Blog: find-your-perfect-nissanwdPk,label,default,label,Hide empty tabs until they have data,"rgb(17, 24, 39)","rgb(255, 255, 255)",17.74,PASS,PASS,14px,400,,
Blog: find-your-perfect-nissanwdPk,label,default,label,Automatically show new incoming Ajax requests,"rgb(17, 24, 39)","rgb(255, 255, 255)",17.74,PASS,PASS,14px,400,,
Blog: find-your-perfect-nissanwdPk,heading,default,"h1, h2, h3, h4",تفاصيل المدونة,"rgb(255, 255, 255)","rgb(255, 255, 255)",1.00,FAIL,FAIL,48px,700,true,
Blog: find-your-perfect-nissanwdPk,heading,default,"h1, h2, h3, h4",FIND YOUR PERFECT NISSAN,"rgb(33, 37, 41)","rgb(243, 244, 246)",14.02,PASS,PASS,32px,600,true,
Blog: find-your-perfect-nissanwdPk,heading,default,"h1, h2, h3, h4",FIND YOUR PERFECT NISSAN,"rgb(0, 0, 0)","rgb(243, 244, 246)",19.08,PASS,PASS,44px,700,true,
Blog: find-your-perfect-nissanwdPk,heading,default,"h1, h2, h3, h4",NEW SUNNY,"rgb(0, 0, 0)","rgb(243, 244, 246)",19.08,PASS,PASS,40px,600,true,
Blog: find-your-perfect-nissanwdPk,heading,default,"h1, h2, h3, h4",ALTIMA,"rgb(0, 0, 0)","rgb(243, 244, 246)",19.08,PASS,PASS,40px,600,true,
Blog: find-your-perfect-nissanwdPk,heading,default,"h1, h2, h3, h4",Kicks,"rgb(0, 0, 0)","rgb(243, 244, 246)",19.08,PASS,PASS,40px,600,true,
Blog: find-your-perfect-nissanwdPk,heading,default,"h1, h2, h3, h4",All-New X-TRAIL,"rgb(0, 0, 0)","rgb(243, 244, 246)",19.08,PASS,PASS,40px,600,true,
Blog: find-your-perfect-nissanwdPk,heading,default,"h1, h2, h3, h4",PATHFINDER,"rgb(0, 0, 0)","rgb(243, 244, 246)",19.08,PASS,PASS,40px,600,true,
Blog: find-your-perfect-nissanwdPk,heading,default,"h1, h2, h3, h4",X-TERRA,"rgb(0, 0, 0)","rgb(243, 244, 246)",19.08,PASS,PASS,40px,600,true,
Blog: find-your-perfect-nissanwdPk,heading,default,"h1, h2, h3, h4",ALL-NEW PATROL,"rgb(0, 0, 0)","rgb(243, 244, 246)",19.08,PASS,PASS,40px,600,true,
Blog: find-your-perfect-nissanwdPk,text,default,p,"Login or create an account to access your orders, ","rgb(107, 114, 128)","rgb(255, 255, 255)",4.83,PASS,FAIL,13px,400,,
Blog: find-your-perfect-nissanwdPk,text,default,p,DISCOVER OUR EXCITING & EXTENSIVE RANGE,"rgb(0, 0, 0)","rgb(243, 244, 246)",19.08,PASS,PASS,20px,400,true,
Blog: nissan-offers-special-offersYGim,button,default,button:not([type=""hidden""]),العربية,"rgba(255, 255, 255, 0.9)","rgb(255, 255, 255)",1.00,FAIL,FAIL,13px,400,,
Blog: nissan-offers-special-offersYGim,button,default,button:not([type=""hidden""]),SAR
                            SAR,"rgba(255, 255, 255, 0.9)","rgb(255, 255, 255)",1.00,FAIL,FAIL,13px,400,,
Blog: nissan-offers-special-offersYGim,button,default,button:not([type=""hidden""]),الحساب,"rgb(17, 24, 39)","rgb(249, 250, 251)",16.98,PASS,PASS,16px,400,,
Blog: nissan-offers-special-offersYGim,button,default,button:not([type=""hidden""]),كل الفئات,"rgb(33, 37, 41)","rgb(255, 255, 255)",15.43,PASS,PASS,16px,400,,
Blog: nissan-offers-special-offersYGim,button,default,button:not([type=""hidden""]),Menu,"rgb(195, 0, 47)","rgb(255, 255, 255)",6.25,PASS,FAIL,11px,400,,
Blog: nissan-offers-special-offersYGim,button,default,button:not([type=""hidden""]),التصنيفات,"rgb(107, 114, 128)","rgb(255, 255, 255)",4.83,PASS,FAIL,11px,400,,
Blog: nissan-offers-special-offersYGim,button,default,button:not([type=""hidden""]),الحساب,"rgb(107, 114, 128)","rgb(255, 255, 255)",4.83,PASS,FAIL,11px,400,,
Blog: nissan-offers-special-offersYGim,button,default,button:not([type=""hidden""]),الصفحات,"rgb(17, 24, 39)","rgb(255, 255, 255)",17.74,PASS,PASS,16px,400,,
Blog: nissan-offers-special-offersYGim,button,default,button:not([type=""hidden""]),Show Products,"rgb(255, 255, 255)","rgb(195, 0, 47)",6.25,PASS,FAIL,15px,600,,
Blog: nissan-offers-special-offersYGim,button,default,button:not([type=""hidden""]),Reset settings,"rgb(85, 85, 85)","rgb(255, 255, 255)",7.46,PASS,PASS,13px,400,,
Blog: nissan-offers-special-offersYGim,button,default,button:not([type=""hidden""]),Search,"rgb(85, 85, 85)","rgb(255, 255, 255)",7.46,PASS,PASS,13px,400,,
Blog: nissan-offers-special-offersYGim,button,default,[type=""submit""],Search,"rgb(85, 85, 85)","rgb(255, 255, 255)",7.46,PASS,PASS,13px,400,,
Blog: nissan-offers-special-offersYGim,link,default,a:not(.btn):not(.nav-link),0506552294,"rgb(195, 0, 47)","rgb(255, 255, 255)",6.25,PASS,FAIL,14px,400,,
Blog: nissan-offers-special-offersYGim,link,default,a:not(.btn):not(.nav-link),partstore.a@gmail.com,"rgb(195, 0, 47)","rgb(255, 255, 255)",6.25,PASS,FAIL,14px,400,,
Blog: nissan-offers-special-offersYGim,link,default,a:not(.btn):not(.nav-link),English,"rgb(195, 0, 47)","rgb(255, 255, 255)",6.25,PASS,FAIL,14px,400,,
Blog: nissan-offers-special-offersYGim,link,default,a:not(.btn):not(.nav-link),العربية,"rgb(195, 0, 47)","rgb(249, 250, 251)",5.98,PASS,FAIL,14px,400,,
Blog: nissan-offers-special-offersYGim,link,default,a:not(.btn):not(.nav-link),USD,"rgb(195, 0, 47)","rgb(255, 255, 255)",6.25,PASS,FAIL,14px,400,,
Blog: nissan-offers-special-offersYGim,link,default,a:not(.btn):not(.nav-link),SAR,"rgb(195, 0, 47)","rgb(249, 250, 251)",5.98,PASS,FAIL,14px,400,,
Blog: nissan-offers-special-offersYGim,link,default,a:not(.btn):not(.nav-link),Become Vendor,"rgb(195, 0, 47)","rgb(255, 255, 255)",6.25,PASS,FAIL,14px,400,,
Blog: nissan-offers-special-offersYGim,link,default,a:not(.btn):not(.nav-link),المندوب,"rgb(195, 0, 47)","rgb(255, 255, 255)",6.25,PASS,FAIL,14px,400,,
Blog: nissan-offers-special-offersYGim,link,default,a:not(.btn):not(.nav-link),تسجيل الدخول,"rgb(195, 0, 47)","rgb(255, 255, 255)",6.25,PASS,FAIL,16px,400,,
Blog: nissan-offers-special-offersYGim,label,default,label,الفئة,"rgb(17, 24, 39)","rgb(255, 255, 255)",17.74,PASS,PASS,13px,600,,
Blog: nissan-offers-special-offersYGim,label,default,label,Model,"rgb(17, 24, 39)","rgb(255, 255, 255)",17.74,PASS,PASS,13px,600,,
Blog: nissan-offers-special-offersYGim,label,default,label,Part Type,"rgb(17, 24, 39)","rgb(255, 255, 255)",17.74,PASS,PASS,13px,600,,
Blog: nissan-offers-special-offersYGim,label,default,label,Hide empty tabs until they have data,"rgb(17, 24, 39)","rgb(255, 255, 255)",17.74,PASS,PASS,14px,400,,
Blog: nissan-offers-special-offersYGim,label,default,label,Automatically show new incoming Ajax requests,"rgb(17, 24, 39)","rgb(255, 255, 255)",17.74,PASS,PASS,14px,400,,
Blog: nissan-offers-special-offersYGim,heading,default,"h1, h2, h3, h4",تفاصيل المدونة,"rgb(255, 255, 255)","rgb(255, 255, 255)",1.00,FAIL,FAIL,48px,700,true,
Blog: nissan-offers-special-offersYGim,heading,default,"h1, h2, h3, h4",NISSAN OFFERS  SPECIAL OfferS,"rgb(33, 37, 41)","rgb(243, 244, 246)",14.02,PASS,PASS,32px,600,true,
Blog: nissan-offers-special-offersYGim,text,default,p,"Login or create an account to access your orders, ","rgb(107, 114, 128)","rgb(255, 255, 255)",4.83,PASS,FAIL,13px,400,,
Blog: nissan-offers-special-offersYGim,text,default,p,عروض نيسان,"rgb(0, 0, 0)","rgb(243, 244, 246)",19.08,PASS,PASS,20px,400,true,
